"","IndLeafCode","Species","FreshL","FreshW","FreshH","FreshTH","Petole","Scanned","X3D","IndLeafCode.1","DryL","DryW","DryH","DryTH","X3D.1","DryWeight","Pixels","Areacm2","SLAcm2g.1","X","X.1","X.2","X.3","X.4","FG"
"1","AESE1-1","AESE",24.4,10.9,1.63,0.34,0.58,"YES","YES","AESE1-1",22.5,3.34,4.02,0.38,"YES",1.597,2368171,169.7610225,106.2999515,"",NA,NA,NA,NA,"F"
"2","AESE1-2","AESE",20.7,9.8,2.15,0.35,0.72,"YES","YES","AESE1-2",18.9,3.57,2.75,0.22,"YES",1.247,1872294,134.2143552,107.6297957,"",NA,NA,NA,NA,"F"
"3","AESE2-1","AESE",20.9,7.7,1.62,0.21,0.76,"YES","YES","AESE2-1",18.9,1.48,2.57,0.12,"YES",0.692,1192384,85.4753846,123.5193419,"",NA,NA,NA,NA,"F"
"4","AESE2-2","AESE",24.1,8.14,3.42,0.27,1.18,"YES","YES","AESE2-2",20.9,2.73,2.93,0.2,"YES",1.053,1471110,105.4557031,100.1478662,"",NA,NA,NA,NA,"F"
"5","AESE3-1","AESE",24.5,10.8,1.48,0.39,1.02,"YES","YES","AESE3-1",17.5,6.52,3.73,0.24,"YES",1.624,2309133,165.5289163,101.9266726,"",NA,NA,NA,NA,"F"
"6","AESE3-2","AESE",23.6,10.4,2.91,0.36,0.82,"YES","YES","AESE3-2",20.8,4.8,3.55,0.22,"YES",1.477,2286541,163.9094213,110.9745574,"",NA,NA,NA,NA,"F"
"7","AEVE1-1","AEVE",16.9,6.7,4.07,0.33,0.67,"YES","YES","AEVES4-1",15.9,3.2,2.8,0.27,"YES",0.734,990965,71.03677549,96.78034808,"",NA,NA,NA,NA,"S"
"8","AEVE1-2","AEVE",10.51,5.03,2.37,0.3,0.53,"YES","YES","AEVES4-2",9.22,3.22,1.67,0.23,"YES",0.302,417647,29.93879317,99.13507672,"",NA,NA,NA,NA,"S"
"9","AEVE2-1","AEVE",13.5,6.6,3.87,0.41,0.48,"YES","YES","AEVE2-1",12.78,3.8,2.62,0.29,"YES",0.696,768976,55.12361735,79.20059964,"",NA,NA,NA,NA,"S"
"10","AEVE2-2","AEVE",14.5,7.7,3.12,0.43,0.52,"YES","YES","AEVE2-2",13.53,4.94,3.47,0.35,"YES",0.865,941700,67.50524133,78.04074143,"",NA,NA,NA,NA,"S"
"11","AEVE3-1","AEVE",15.2,7.2,3.41,0.5,0.58,"YES","YES","AEVE3-1",13.62,3.27,3.18,0.3,"YES",0.878,1025175,73.48910033,83.70056986,"",NA,NA,NA,NA,"S"
"12","AEVE3-2","AEVE",15.9,8.2,2.44,0.44,0.57,"YES","YES","AEVE3-2",14.07,3.3,2.39,0.22,"YES",1.109,978250,70.12530778,63.23291955,"",NA,NA,NA,NA,"S"
"13","ALED1-1","ALED",13.2,6.22,2.14,0.22,0.97,"YES","YES","ALED1-1",12.68,6.16,2.04,0.15,"YES",0.716,735039,52.69086236,73.59058989,"",NA,NA,NA,NA,"F"
"14","ALED1-2","ALED",14.21,6.47,2.59,0.19,0.95,"YES","YES","ALED1-2",13.63,5.9,1.47,0.13,"YES",0.754,811667,58.18389797,77.16697343,"",NA,NA,NA,NA,"F"
"15","ALED2-1","ALED",13.9,4.58,2.24,0.16,1.25,"YES","YES","ALED2-1",9.64,5.12,4.41,0.15,"YES",0.375,613834,44.00234927,117.3395981,"",NA,NA,NA,NA,"F"
"16","ALED2-2","ALED",15.22,5.07,2.98,0.28,1.45,"YES","YES","ALED2-2",15.05,4.39,1.35,0.18,"YES",0.56,747090,53.5547316,95.63344929,"",NA,NA,NA,NA,"F"
"17","ALED3-1","ALED",14.95,7.39,4.93,0.22,1.51,"YES","YES","ALED3-1",13.47,6.5,3.96,0.24,"YES",1.458,1190789,85.36104792,58.5466721,"",NA,NA,NA,NA,"F"
"18","ALED3-2","ALED",15.28,7.38,3.97,0.35,0.99,"YES","YES","ALED3-2",13.42,7.37,4.03,0.22,"YES",1.321,1199332,85.97344812,65.08209548,"",NA,NA,NA,NA,"F"
"19","AMIN1-1","AMIN",11.98,4.24,1.93,0.19,1.35,"YES","YES","AMIN1-1",11.49,2.37,1.99,0.19,"YES",0.415,499626,35.81541224,86.30219817,"",NA,NA,NA,NA,"F"
"20","AMIN1-2","AMIN",13.65,4.26,1.63,0.18,1.62,"YES","YES","AMIN1-2",10.58,2.07,1.85,0.13,"YES",0.288,518674,37.18085754,129.1001998,"",NA,NA,NA,NA,"F"
"21","AMIN2-1","AMIN",14.57,5.28,2.34,0.18,0.76,"YES","YES","AMIN2-1",13.17,3.96,1.28,0.12,"YES",0.394,728579,52.22778085,132.5578194,"",NA,NA,NA,NA,"F"
"22","AMIN2-2","AMIN",13,4.64,2.29,0.19,0.8,"YES","YES","AMIN2-2",11.23,2.15,1.65,0.1,"YES",0.332,614364,44.04034203,132.6516326,"",NA,NA,NA,NA,"F"
"23","AMIN3-1","AMIN",13.39,4.25,2.35,0.25,1.4,"YES","YES","AMIN3-1",10.88,2.17,3.16,0.18,"YES",0.496,553115,39.64974149,79.93899494,"",NA,NA,NA,NA,"F"
"24","AMIN3-2","AMIN",10.48,3.13,1.54,0.27,1.03,"YES","YES","AMIN3-2",9.23,1.66,1.18,0.14,"YES",0.261,318638,22.84138801,87.51489659,"",NA,NA,NA,NA,"F"
"25","ANCA1-1","ANCA",14.83,4.47,2.71,0.17,2.66,"YES","YES","ANCA1-1",13.75,3.42,1.46,0.19,"YES",0.491,724424,51.92993198,105.7636089,"",NA,NA,NA,NA,"F"
"26","ANCA1-2","ANCA",14.83,4.59,2.04,0.18,1.82,"YES","YES","ANCA1-2",5.21,4.36,2.14,0.16,"YES",0.402,598848,42.92808619,106.786284,"",NA,NA,NA,NA,"F"
"27","ANCA2-1","ANCA",20.3,4.47,3.16,0.17,2.41,"YES","YES","ANCA2-1",17.8,3.26,1.88,0.25,"YES",0.578,829289,59.44712125,102.8496907,"",NA,NA,NA,NA,"F"
"28","ANCA2-2","ANCA",14.05,3.08,1.06,0.21,2.21,"YES","YES","ANCA2-2",11.46,3.08,1.65,0.24,"YES",0.267,439730,31.52180076,118.0591789,"",NA,NA,NA,NA,"F"
"29","ANCA3-1","ANCA",13.66,4.22,0.92,0.19,0.99,"YES","YES","ANCA3-1",12.19,3.86,2.19,0.18,"YES",0.382,555039,39.78766236,104.1561842,"",NA,NA,NA,NA,"F"
"30","ANCA3-2","ANCA",13.04,4.07,2.01,0.2,1.56,"YES","YES","ANCA3-2",12.49,3.62,1.73,0.21,"YES",0.299,494339,35.43641658,118.5164434,"",NA,NA,NA,NA,"F"
"31","ANCA3-3","ANCA",12.35,4.38,2.1,0.2,1.38,"YES","YES","ANCA3-3",11.35,4.16,1.37,0.18,"YES",0.373,514976,36.91576846,98.96988864,"",NA,NA,NA,NA,"F"
"32","ANCA3-4","ANCA",14.32,4.53,1.55,0.18,1.4,"YES","YES","ANCA3-4",12.93,4.11,1.39,0.19,"YES",0.447,620679,44.49302929,99.53697828,"",NA,NA,NA,NA,"F"
"33","ANCR1-1","ANCR",10.52,4.72,2.54,0.31,0.79,"YES","YES","ANCR1-1",9.92,5.11,1.49,0.16,"YES",0.685,578372,41.4602755,60.52594964,"",NA,NA,NA,NA,"S"
"34","ANCR1-2","ANCR",10.67,4,2.44,0.25,0.47,"YES","YES","ANCR1-2",9.82,3.68,2.17,0.24,"YES",0.66,615103,44.09331683,66.8080558,"",NA,NA,NA,NA,"S"
"35","ANCR2-1","ANCR",8.9,3.9,1.3,0.26,0.33,"YES","YES","ANCR2-1",8.58,3.84,0.79,0.19,"YES",0.317,365290,26.18561071,82.60445019,"",NA,NA,NA,NA,"S"
"36","ANCR2-2","ANCR",8.62,2.31,2.54,0.3,0.88,"YES","YES","ANCR2-2",8.28,1.82,1.93,0.21,"YES",0.447,385523,27.63600208,61.825508,"",NA,NA,NA,NA,"S"
"37","ANCR3-1","ANCR",10.62,6.6,1.99,0.2,0.73,"YES","YES","ANCR3-1",10.27,6.74,1.63,0.31,"YES",0.912,785046,56.27558637,61.70568681,"",NA,NA,NA,NA,"S"
"38","ANCR3-2","ANCR",10.15,6.71,1.6,0.28,0.75,"YES","YES","ANCR3-2",9.98,6.04,0.92,0.29,"YES",0.822,769676,55.17379646,67.12140689,"",NA,NA,NA,NA,"S"
"39","ANFA1-1","ANFA",0.66,0.21,0.23,0.23,0,"YES","YES","ANFA1-1",0.475,0.135,0.023,0.23,"YES",0.002,703,0.050394164,25.19708222,"ANFA 3d scans unreliable sf 090619",NA,NA,NA,NA,"G"
"40","ANFA1-2","ANFA",0.71,0.18,0.34,0.15,0,"YES","YES","ANFA1-2",NA,NA,NA,NA,"",NA,1735,0.124372511,NA,"ANFA 3d scans unreliable sf 090620",NA,NA,NA,NA,"G"
"41","ANFA2-1","ANFA",0.52,0.13,0.02,0.03,0,"YES","YES","ANFA2-1",0.51,0.126,0.018,0.01,"YES",0,649,0.046523204,NA,"ANFA 3d scans unreliable sf 090621",NA,NA,NA,NA,"G"
"42","ANFA2-2","ANFA",0.5,0.16,0.03,0.02,0,"YES","YES","ANFA2-2",0.5,0.159,0.026,0.021,"YES",0.001,754,0.054050071,54.05007111,"ANFA 3d scans unreliable sf 090622",NA,NA,NA,NA,"G"
"43","ANFA3-1","ANFA",0.43,0.1,0.02,0.01,0,"YES","YES","ANFA3-1",0.42,0.095,0.024,0.013,"YES",0,647,0.046379836,NA,"ANFA 3d scans unreliable sf 090623",NA,NA,NA,NA,"G"
"44","ANFA3-2","ANFA",0.46,0.13,0.02,0.02,0,"YES","YES","ANFA3-2",0.45,0.153,0.023,0.012,"YES",0.002,873,0.06258052,31.29026,"ANFA 3d scans unreliable sf 090624",NA,NA,NA,NA,"G"
"45","ASTO1-1","ASTO",15.3,6.25,3.3,0.43,0,"YES","YES","ASTO1-1",14.87,5.69,1.82,0.31,"YES",1.197,878959,63.0076876,52.63800134,"",NA,NA,NA,NA,"S"
"46","ASTO1-2","ASTO",16.1,7.4,3.75,0.43,0,"YES","YES","ASTO1-2",15.37,5.47,3.69,0.43,"YES",1.459,897950,64.36904689,44.1186065,"",NA,NA,NA,NA,"S"
"47","ASTO2-1","ASTO",16.8,7.5,0.86,0.41,0,"YES","YES","ASTO2-1",14.33,6.26,3.37,0.34,"YES",1.051,1148205,82.30843753,78.31440298,"",NA,NA,NA,NA,"S"
"48","ASTO2-2","ASTO",14.02,5.07,1.49,0.38,0,"YES","YES","ASTO2-2",12.62,4.29,1.58,0.32,"YES",0.738,605710,43.41998484,58.83466781,"",NA,NA,NA,NA,"S"
"49","ASTO3-1","ASTO",18.6,9.1,3.2,0.45,0,"YES","YES","ASTO3-1",17.1,7.81,2.7,0.32,"YES",1.657,1555727,111.5214257,67.30321406,"",NA,NA,NA,NA,"S"
"50","ASTO3-2","ASTO",12.9,5.3,1.65,0.32,0,"YES","YES","ASTO3-2",11.58,4.46,1.27,0.22,"YES",0.523,624043,44.73417576,85.53379687,"",NA,NA,NA,NA,"S"
"51","BADR1-1","BADR",2.43,0.66,0.21,0.14,0.08,"YES","YES","BADR1-1",2.38,0.45,0.15,0.21,"YES",0.009,17830,1.278133644,142.0148494,"",NA,NA,NA,NA,"G"
"52","BADR1-2","BADR",2.63,0.7,0.51,0.2,0.14,"YES","YES","BADR1-2",2.42,0.57,0.25,0.26,"YES",0.008,17596,1.261359484,157.6699356,"",NA,NA,NA,NA,"G"
"53","BADR2-1","BADR",2.94,0.52,0.19,0.19,0.01,"YES","YES","BADR2-1",2.84,0.43,0.24,0.2,"YES",0.011,17137,1.228456324,111.6778477,"",NA,NA,NA,NA,"G"
"54","BADR2-2","BADR",2.81,0.45,0.23,0.22,0.03,"YES","YES","BADR2-2",2.65,0.4,0.16,0.17,"YES",0.011,14927,1.070033702,97.27579111,"",NA,NA,NA,NA,"G"
"55","BADR3-1","BADR",3.46,0.74,0.29,0.26,0.18,"YES","YES","BADR3-1",3.28,0.51,0.19,0.24,"YES",0.011,26603,1.907021276,173.3655705,"",NA,NA,NA,NA,"G"
"56","BADR3-2","BADR",3.14,0.65,0.23,0.2,0.15,"YES","YES","BADR3-2",3.06,0.57,0.26,0.13,"YES",0.013,23455,1.681358644,129.3352803,"",NA,NA,NA,NA,"G"
"57","BALO1-1","BALO",11.27,8.59,0.61,0.23,2.68,"YES","YES","BALO1-1",5.08,7.9,5.08,0.13,"YES",0.34,850558,60.9717777,179.3287579,"",NA,NA,NA,NA,"F"
"58","BALO1-2","BALO",8.91,6.6,0.59,0.17,2.29,"YES","YES","BALO1-2",4.9,6.09,3.41,0.12,"YES",0.193,513270,36.7934748,190.6397658,"",NA,NA,NA,NA,"F"
"59","BALO2-1","BALO",7.82,6.53,1.44,0.16,1.87,"YES","YES","BALO2-1",7.51,4.73,1.83,0.22,"YES",0.223,493575,35.38164967,158.6621061,"",NA,NA,NA,NA,"F"
"60","BALO2-2","BALO",9.06,7.28,1.1,0.21,1.94,"YES","YES","BALO2-2",8.14,6.44,1.84,0.18,"YES",0.341,582595,41.76299891,122.4721376,"",NA,NA,NA,NA,"F"
"61","BALO3-1","BALO",10.65,7.77,3.18,0.19,1.62,"YES","YES","BALO3-1",8.82,7.41,2.89,0.13,"YES",0.507,909437,65.1924861,128.5847852,"",NA,NA,NA,NA,"F"
"62","BALO3-2","BALO",6.65,5.35,1.16,0.18,1.95,"YES","YES","BALO3-2",6.01,4.69,2.04,0.16,"YES",0.147,330653,23.70267661,161.242698,"",NA,NA,NA,NA,"F"
"63","BARU1-1","BARU",12.53,12.3,3.14,0.36,1.88,"YES","YES","BARU1-1",12.27,12.21,3.24,0.17,"YES",1.27,1391398,99.74159263,78.53668711,"",NA,NA,NA,NA,"S"
"64","BARU1-2","BARU",9.66,10.02,2.23,0.4,0.12,"YES","YES","BARU1-2",10.5,9.8,2.93,0.28,"YES",1.273,1171029,83.94456329,65.94231209,"",NA,NA,NA,NA,"S"
"65","BARU2-1","BARU",11.63,9.24,2.79,0.31,0.21,"YES","YES","BARU2-1",11.62,8.86,1.52,0.23,"YES",1.42,1238861,88.80706253,62.54018488,"",NA,NA,NA,NA,"S"
"66","BARU2-2","BARU",11.55,8.06,3.31,0.27,1.81,"YES","YES","BARU2-2",10.68,7.79,1.68,0.27,"YES",1.238,807225,57.86547567,46.74109505,"",NA,NA,NA,NA,"S"
"67","BARU3-1","BARU",9.71,9.98,2.3,0.22,1.88,"YES","YES","BARU3-1",8.77,9.96,1.77,0.26,"YES",0.792,1123093,80.50829776,101.6518911,"replaced freshL with 3d scan fresh length, was originally 6.84, implausible value - sf 090619",NA,NA,NA,NA,"S"
"68","BARU3-2","BARU",8.45,8.1,2.77,0.3,2.36,"YES","YES","BARU3-2",8.56,7.08,3.32,0.3,"YES",0.547,842956,60.42683255,110.4695293,"",NA,NA,NA,NA,"S"
"69","BYIN1-1","BYIN",6.38,2.56,0.42,0.29,0.34,"YES","YES","BYIN1-1",6.15,2.51,0.67,0.16,"YES",0.219,169152,12.12556715,55.36788651,"",NA,NA,NA,NA,"S"
"70","BYIN1-2","BYIN",5.49,2.47,0.26,0.31,0.26,"YES","YES","BYIN1-2",5.32,2.42,0.42,0.2,"YES",0.171,133416,9.56385184,55.92895813,"",NA,NA,NA,NA,"S"
"71","BYIN2-1","BYIN",8.33,2.29,0.71,0.28,0.23,"YES","YES","BYIN2-1",7.83,2.24,1.34,0.14,"YES",0.225,199805,14.32291042,63.65737965,"",NA,NA,NA,NA,"S"
"72","BYIN2-2","BYIN",7.85,2.69,0.95,0.25,0.21,"YES","YES","BYIN2-2",6.87,2.61,2.07,0.18,"YES",0.212,201247,14.42627939,68.04848769,"",NA,NA,NA,NA,"S"
"73","BYIN3-1","BYIN",9.52,3.08,0.3,0.31,0.87,"YES","YES","BYIN3-1",9.25,2.53,0.76,0.24,"YES",0.313,262781,18.83731,60.18309903,"",NA,NA,NA,NA,"S"
"74","BYIN3-2","BYIN",9.62,4.03,0.35,0.32,0.57,"YES","YES","BYIN3-2",9.22,3.61,1.1,0.16,"YES",0.377,370570,26.56410458,70.46181586,"",NA,NA,NA,NA,"S"
"75","BYLA1-1","BYLA",12.61,3.87,1.45,0.22,1.07,"YES","YES","BYLA1-1",11.7,3.84,2,0.17,"YES",0.425,445328,31.92309028,75.11315359,"",NA,NA,NA,NA,"F"
"76","BYLA1-2","BYLA",13.01,3.66,1.75,0.23,1.6,"YES","YES","BYLA1-2",12.12,3.52,1.18,0.13,"YES",0.352,461328,33.07004139,93.94898121,"",NA,NA,NA,NA,"F"
"77","BYLA2-1","BYLA",13.67,4.22,1.63,0.22,0.83,"YES","YES","BYLA2-1",11.71,3.08,2.11,0.15,"YES",0.46,568649,40.76328765,88.61584271,"",NA,NA,NA,NA,"F"
"78","BYLA2-2","BYLA",11.02,4.86,1.17,0.27,0.7,"YES","YES","BYLA2-2",9.97,4.53,1.44,0.16,"YES",0.405,486619,34.88301267,86.13089548,"",NA,NA,NA,NA,"F"
"79","BYLA3-1","BYLA",10.78,4.8,1.7,0.19,0.9,"YES","YES","BYLA3-1",10.1,4.56,1.44,0.27,"YES",0.541,554599,39.7561212,73.48636082,"",NA,NA,NA,NA,"F"
"80","BYLA3-2","BYLA",8.67,3.65,1.32,0.28,0.63,"YES","YES","BYLA3-2",8.03,3.17,1.35,0.23,"YES",0.315,339375,24.32790833,77.23145503,"",NA,NA,NA,NA,"F"
"81","CAAD1-1","CAAD",7.7,2.5,NA,NA,NA,"","YES","CAAD1-1",7.31,1.52,0.847,0.37,"YES",0.191,NA,NA,NA,"",NA,NA,NA,NA,"S"
"82","CAAD1-2","CAAD",9.7,3,NA,NA,NA,"","YES","CAAD1-2",8.63,1.62,1.41,0.32,"YES",0.337,NA,NA,NA,"",NA,NA,NA,NA,"S"
"83","CAAD2-1","CAAD",7.2,4.06,1.31,0.29,0.5,"YES","YES","CAAD2-1",6.84,12.25,1.1,0.23,"YES",0.293,242380,17.37487564,59.29991688,"",NA,NA,NA,NA,"S"
"84","CAAD2-2","CAAD",8.3,3.24,1.08,0.28,0.63,"YES","YES","CAAD2-2",7.7,2.92,0.98,0.21,"YES",0.224,262947,18.84920961,84.1482572,"",NA,NA,NA,NA,"S"
"85","CAAD3-1","CAAD",9.2,3.4,0.67,0.26,0.73,"YES","YES","CAAD3-1",7.25,1.39,1.12,0.27,"YES",0.259,267715,19.19100104,74.09652913,"",NA,NA,NA,NA,"S"
"86","CAAD3-2","CAAD",7.8,3.5,1.88,0.25,0.97,"YES","YES","CAAD3-2",6.74,1.8,1.37,0.21,"YES",0.208,233287,16.72304899,80.399274,"",NA,NA,NA,NA,"S"
"87","CABR1-1","CABR",11.14,7.89,2.73,0.42,0.11,"YES","YES","CABR1-1",10.37,6.98,2.08,0.4,"YES",0.813,605223,43.38507452,53.3641753,"",NA,NA,NA,NA,"S"
"88","CABR1-2","CABR",17.6,12.3,5.27,0.38,0.77,"YES","YES","CABR1-2",15.9,10.7,3.81,0.38,"YES",1.938,1335752,95.75264004,49.40796699,"",NA,NA,NA,NA,"S"
"89","CABR2-1","CABR",13.4,11.4,3.12,0.34,0.61,"YES","YES","CABR2-1",12.75,10.73,2.79,0.3,"YES",1.295,1518079,108.8226497,84.03293416,"",NA,NA,NA,NA,"S"
"90","CABR2-2","CABR",11.6,10.2,4.88,0.41,0.28,"YES","YES","CABR2-2",9.65,5.14,4.63,0.41,"YES",1.577,1347521,96.59629426,61.25319864,"",NA,NA,NA,NA,"S"
"91","CABR3-1","CABR",20.4,11.4,3.48,0.34,1.26,"YES","YES","CABR3-1",19.1,11.1,2.36,0.55,"YES",2.08,2194474,157.3096495,75.6296392,"",NA,NA,NA,NA,"S"
"92","CABR3-2","CABR",12.7,7.5,1.54,0.37,0.6,"YES","YES","CABR3-2",11.57,4.92,2.45,0.37,"YES",0.791,886696,63.56231015,80.35690285,"",NA,NA,NA,NA,"S"
"93","CAGU1-1","CAGU",10.56,3.8,0.75,0.18,0.22,"YES","YES","CAGU1-1",10.11,1.7,1.3,0.18,"YES",0.208,377616,27.06919317,130.1403518,"",NA,NA,NA,NA,"F"
"94","CAGU1-2","CAGU",7.12,2.81,1.11,0.29,0.55,"YES","YES","CAGU1-2",6.96,1.98,1.07,0.35,"YES",0.105,201788,14.46506068,137.7624826,"",NA,NA,NA,NA,"F"
"95","CAGU2-1","CAGU",12.31,5.52,2.22,0.24,0.93,"YES","YES","CAGU2-1",12.35,4.23,2.1,0.24,"YES",0.502,719834,51.60090038,102.7906382,"",NA,NA,NA,NA,"F"
"96","CAGU2-2","CAGU",12.71,5.23,2.89,0.16,0.86,"YES","YES","CAGU2-2",11.39,3.13,2.45,0.27,"YES",0.478,710692,50.94556119,106.5806719,"",NA,NA,NA,NA,"F"
"97","CAGU3-1","CAGU",12.06,5.46,1.4,0.18,1.25,"YES","YES","CAGU3-1",10.87,2.3,2.04,0.31,"YES",0.296,674759,48.36972405,163.4112299,"",NA,NA,NA,NA,"F"
"98","CAGU3-2","CAGU",12.32,4.58,1.65,0.21,0.95,"YES","YES","CAGU3-2",11.49,2.33,2.12,0.3,"YES",0.43,576112,41.29826866,96.04248525,"",NA,NA,NA,NA,"F"
"99","CASYf1-1","CASYf",10.1,2.4,NA,NA,NA,NA,"YES","CASYf1-1",9.61,1.09,0.95,0.2,"YES",0.147,NA,NA,NA,"",NA,NA,NA,NA,"F"
"100","CASYf1-2","CASYf",9.4,2.7,NA,NA,NA,NA,"YES","CASYf1-2",8.59,1.71,1.54,0.15,"YES",NA,NA,NA,NA,"",NA,NA,NA,NA,"F"
"101","CASYf2-1","CASYf",9.99,3.09,1.66,0.14,0.45,"YES","YES","CASYf2-1",9.46,1.42,0.96,0.13,"YES",0.22,326412,23.39866288,106.3575585,"",NA,NA,NA,NA,"F"
"102","CASYf2-2","CASYf",8.05,2.78,1.09,0.13,0.53,"YES","YES","CASYf2-2",7.73,1.24,0.98,0.12,"YES",0.15,240426,17.23480424,114.8986949,"",NA,NA,NA,NA,"F"
"103","CASYf3-1","CASYf",7.94,2.42,0.55,0.15,0.53,"YES","YES","CASYf3-1",6.37,1.22,0.94,0.14,"YES",0.094,172721,12.38140893,131.7171163,"",NA,NA,NA,NA,"F"
"104","CASYf3-2","CASYf",7.42,2.53,1.3,0.18,0.35,"YES","YES","CASYf3-2",6.84,1.2,1.07,0.13,"YES",0.128,184054,13.19380874,103.0766308,"",NA,NA,NA,NA,"F"
"105","CASYs1-1","CASYs",9.7,1.79,0.86,0.11,0.46,"YES","YES","CASYs1-1",9.39,1.77,1.01,0.33,"YES",0.166,207959,14.90742538,89.80376736,"",NA,NA,NA,NA,"S"
"106","CASYs1-2","CASYs",7.94,1.37,1.22,0.12,0.51,"YES","YES","CASYs1-2",7.83,1.22,0.94,0.19,"YES",0.118,146207,10.48076757,88.82006414,"",NA,NA,NA,NA,"S"
"107","CASYs2-1","CASYs",7.56,1.9,1.6,0.23,0.4,"YES","YES","CASYs2-1",7.37,1.53,1.38,0.24,"YES",0.145,173897,12.46570984,85.97041266,"",NA,NA,NA,NA,"S"
"108","CASYs2-2","CASYs",6.29,1.5,1.37,0.17,0.55,"YES","YES","CASYs2-2",6.48,0.93,0.99,0.17,"YES",0.091,112692,8.078263413,88.77212542,"",NA,NA,NA,NA,"S"
"109","CASYs3-1","CASYs",6.25,1.17,1.87,0.17,0.36,"YES","YES","CASYs3-1",6.32,1.05,0.61,0.13,"YES",0.122,148906,10.67424388,87.49380233,"",NA,NA,NA,NA,"S"
"110","CASYs3-2","CASYs",6.66,1.43,2.02,0.2,0.32,"YES","YES","CASYs3-2",6.69,1.21,0.63,0.16,"YES",0.135,169796,12.17173193,90.16097725,"",NA,NA,NA,NA,"S"
"111","CHLA1-1","CHLA",8.25,1.44,1.15,0.38,0.93,"YES","YES","CHLA1-1",8.21,0.69,0.91,0.25,"YES",0.163,170322,12.20943795,74.90452728,"",NA,NA,NA,NA,"F"
"112","CHLA1-2","CHLA",6.8,1.55,0.25,0.35,0.79,"YES","YES","CHLA1-2",6.59,1.23,0.68,0.3,"YES",0.099,92708,6.645721476,67.12849975,"",NA,NA,NA,NA,"F"
"113","CHLA2-1","CHLA",6.97,1.63,0.2,0.37,0.7,"YES","YES","CHLA2-1",6.13,1.15,0.94,0.2,"YES",0.108,105438,7.558264453,69.98393012,"",NA,NA,NA,NA,"F"
"114","CHLA2-2","CHLA",6.6,1.38,0.2,0.38,0.81,"YES","YES","CHLA2-2",6.98,8.28,0.39,0.31,"YES",0.061,69502,4.982212258,81.67561078,"",NA,NA,NA,NA,"F"
"115","CHLA3-1","CHLA",7.92,1.97,0.59,0.37,0.7,"YES","YES","CHLA3-1",7.37,1.38,0.74,0.23,"YES",0.099,125332,8.984354791,90.7510585,"",NA,NA,NA,NA,"F"
"116","CHLA3-2","CHLA",7.8,2.06,1.47,0.34,0.73,"YES","YES","CHLA3-2",6.86,1,1.03,0.21,"YES",0.151,153767,11.02270197,72.99802628,"",NA,NA,NA,NA,"F"
"117","COLA1-1","COLA",5.63,2.49,0.74,0.17,0.34,"YES","YES","COLA1-1",5.27,2.56,0.73,0.13,"YES",0.151,163447,11.71660739,77.59342643,"",NA,NA,NA,NA,"G"
"118","COLA1-2","COLA",3.3,1.9,0.92,0.19,0.16,"YES","YES","COLA1-2",3.68,1.95,0.55,0.19,"YES",0.062,85685,6.142281622,99.06905842,"",NA,NA,NA,NA,"G"
"119","COLA2-1","COLA",3.8,2.34,0.47,0.1,0.11,"YES","YES","COLA2-1",3.41,2.41,0.72,0.13,"YES",0.08,101571,7.281060707,91.01325883,"replaced fresh measurements with 3d scan measurements. bad calipers? Original fresh values 1.49, 0.98,0.17,0.05. sf 090619",NA,NA,NA,NA,"G"
"120","COLA2-2","COLA",3.11,2.27,0.36,0.12,0.15,"YES","YES","COLA2-2",3.25,2.07,0.41,0.11,"YES",0.065,85312,6.115543324,94.08528191,"replaced fresh measurements with 3d scan measurements. bad calipers? Original fresh values 1.39, 0.89,0.47,0.06. sf 090619",NA,NA,NA,NA,"G"
"121","COLA3-1","COLA",6.55,3.5,0.57,0.16,0.25,"YES","YES","COLA3-1",6.02,3.49,0.6,0.14,"YES",0.22,249408,17.87867392,81.26669964,"",NA,NA,NA,NA,"G"
"122","COLA3-2","COLA",5.21,3.2,0.27,0.16,0.18,"YES","YES","COLA3-2",4.76,3.1,1.09,0.15,"YES",0.149,181868,13.03710654,87.49735934,"",NA,NA,NA,NA,"G"
"123","CRFL1-1","CRFL",16.86,6.66,4.03,0.31,5.21,"YES","YES","CRFL1-1",11.9,4.01,2.68,0.19,"YES",0.711,1105137,79.22113188,111.4221264,"",NA,NA,NA,NA,"F"
"124","CRFL1-2","CRFL",15.86,5.93,2.75,0.24,4.5,"YES","YES","CRFL1-2",12.97,3.17,3.49,0.24,"YES",0.584,814040,58.35400516,99.9212417,"",NA,NA,NA,NA,"F"
"125","CRFL2-1","CRFL",15.18,6.27,2.2,0.2,3.22,"YES","YES","CRFL2-1",11.84,2.18,2.89,0.29,"YES",0.727,800284,57.36791394,78.91047309,"",NA,NA,NA,NA,"F"
"126","CRFL2-2","CRFL",14.2,5.59,1.29,0.34,3.19,"YES","YES","CRFL2-2",11.33,2.94,1.25,0.27,"YES",0.54,666746,47.7953166,88.50984555,"",NA,NA,NA,NA,"F"
"127","CRFL3-1","CRFL",19.8,7.69,1.16,0.19,4.84,"YES","YES","CRFL3-1",15.1,5.97,3.52,0.3,"YES",0.835,1158207,83.02542535,99.43164712,"",NA,NA,NA,NA,"F"
"128","CRFL3-2","CRFL",16.5,6.19,1.29,0.29,0.39,"YES","YES","CRFL3-2",12.83,5.27,1.64,0.33,"YES",0.435,804094,57.64103167,132.5081188,"",NA,NA,NA,NA,"F"
"129","CUVE2-1","CUVE",13.41,4.59,1.6,0.23,0.05,"YES","YES","CUVE2-1",12.42,2.34,2.87,0.2,"YES",0.407,668424,47.91560309,117.7287545,"",NA,NA,NA,NA,"F"
"130","CUVE2-2","CUVE",10.32,3.73,1.16,0.2,0.04,"YES","YES","CUVE2-2",8.98,1.95,1.83,0.16,"YES",0.228,393310,28.19420884,123.6588107,"",NA,NA,NA,NA,"F"
"131","CUVE3-1","CUVE",14.83,4.21,1.3,0.23,0.66,"YES","YES","CUVE3-1",12.85,3.44,3.56,0.21,"YES",0.393,686936,49.24262553,125.2993016,"",NA,NA,NA,NA,"F"
"132","CUVE3-2","CUVE",14.28,4.69,1.59,0.18,0.67,"YES","YES","CUVE3-2",13.35,4.41,2.18,0.26,"YES",0.4,736716,52.81107717,132.0276929,"",NA,NA,NA,NA,"F"
"133","DAFA1-1","DAFA",12.86,1.59,1.05,0.19,0.76,"YES","YES","DAFA1-1",9.59,1.49,2.06,0.19,"YES",0.158,213163,15.28047123,96.71184323,"",NA,NA,NA,NA,"F"
"134","DAFA1-2","DAFA",12.22,1.49,1.4,0.21,0.61,"YES","YES","DAFA1-2",11.26,1.44,1.58,0.13,"YES",0.137,213466,15.30219162,111.6948293,"",NA,NA,NA,NA,"F"
"135","DAFA2-1","DAFA",10.69,1.53,0.73,0.19,0.77,"YES","YES","DAFA2-1",8.16,1.5,1.81,0.14,"YES",0.115,176937,12.68363055,110.2924395,"",NA,NA,NA,NA,"F"
"136","DAFA2-2","DAFA",8.51,1.91,0.45,0.19,0.42,"YES","YES","DAFA2-2",6.58,1.78,1.78,0.11,"YES",0.098,166442,11.9313023,121.7479827,"",NA,NA,NA,NA,"F"
"137","DAFA3-1","DAFA",9.74,1.7,0.37,0.25,0.42,"YES","YES","DAFA3-1",7.52,1.52,3.21,0.17,"YES",0.11,161680,11.58994098,105.3630998,"",NA,NA,NA,NA,"F"
"138","DAFA3-2","DAFA",8.88,1.81,0.84,0.26,0.29,"YES","YES","DAFA3-2",8.49,1.73,0.64,0.13,"YES",0.12,151886,10.88786353,90.73219607,"",NA,NA,NA,NA,"F"
"139","DARA1-1","DARA",9.29,1.65,0.97,0.23,0.35,"YES","YES","DARA1-1",8.79,1.43,1.52,0.12,"YES",0.095,152124,10.90492443,114.7886782,"",NA,NA,NA,NA,"G"
"140","DARA1-2","DARA",8.21,1.85,0.78,0.27,0.6,"YES","YES","DARA1-2",7.13,1.74,2.04,0.17,"YES",0.088,NA,NA,NA,"",NA,NA,NA,NA,"G"
"141","DARA2-1","DARA",8.35,1.87,0.49,0.26,0.53,"YES","YES","DARA2-1",7.95,1.6,1.31,0.14,"YES",0.089,152751,10.94987057,123.0322536,"",NA,NA,NA,NA,"G"
"142","DARA2-2","DARA",8.72,2.45,0.66,0.3,0.33,"YES","YES","DARA2-2",8.17,2.05,1.32,0.18,"YES",0.15,184606,13.23337855,88.22252367,"",NA,NA,NA,NA,"G"
"143","DARA3-1","DARA",9.89,2.26,0.57,0.24,0.31,"YES","YES","DARA3-1",9.37,2.08,1.22,0.11,"YES",0.1,222189,15.92749503,159.2749503,"",NA,NA,NA,NA,"G"
"144","DARA3-2","DARA",8.12,1.75,0.5,0.27,0.38,"YES","YES","DARA3-2",7.67,1.77,0.89,0.11,"YES",0.087,138288,9.913098453,113.9436604,"",NA,NA,NA,NA,"G"
"145","DIBU1-1","DIBU",NA,NA,NA,NA,NA,"","YES","DIBU1-1",17.2,8.08,3.7,0.48,"YES",1.725,NA,NA,NA,"",NA,NA,NA,NA,"S"
"146","DIBU1-2","DIBU",16.6,7.86,3.36,0.5,1.12,"","YES","DIBU1-2",15.6,4.99,3.43,0.35,"YES",1.562,NA,NA,NA,"",NA,NA,NA,NA,"S"
"147","DIBU1-3","DIBU",12.5,7.73,3.52,0.45,0.92,"","YES","DIBU1-3",11.81,5.89,3.49,0.34,"YES",1.046,NA,NA,NA,"",NA,NA,NA,NA,"S"
"148","DIBU2-1","DIBU",16.2,7.5,2.76,0.46,1.13,"YES","YES","DIBU2-1",14.98,5.84,3.07,0.43,"YES",1.362,1044958,74.9072337,54.99796894,"",NA,NA,NA,NA,"S"
"149","DIBU2-2","DIBU",19.5,9,4.82,0.49,1.68,"","YES","DIBU2-2",16.2,3.06,3.74,0.4,"YES",2.087,NA,NA,NA,"",NA,NA,NA,NA,"S"
"150","DIBU3-1","DIBU",17.9,8.4,5.15,0.46,1.31,"YES","YES","DIBU3-1",16,5.83,2.66,0.43,"YES",1.706,743490,53.2966676,31.24071958,"",NA,NA,NA,NA,"S"
"151","DIBU3-2","DIBU",13.2,8.5,3.17,0.52,0,"YES","YES","DIBU3-2",12.8,8.46,1.76,0.48,"YES",1.38,995499,71.36179276,51.71144403,"",NA,NA,NA,NA,"S"
"152","DIBU3-3","DIBU",21.5,13.3,7.01,0.47,1.41,"YES","YES","DIBU3-3",18.3,11.2,6.89,0.37,"YES",NA,1955348,140.1680351,NA,"",NA,NA,NA,NA,"S"
"153","DUFU1-1","DUFU",11.7,4.65,1.28,0.24,0.63,"YES","YES","DUFU1-1",9.82,4.26,2.78,0.31,"YES",0.69,501984,35.98444416,52.15136835,"",NA,NA,NA,NA,"S"
"154","DUFU1-2","DUFU",10.7,4.1,0.89,0.27,0.61,"YES","YES","DUFU1-2",8.94,3.27,2.01,0.49,"YES",0.513,429773,30.80803874,60.05465642,"",NA,NA,NA,NA,"S"
"155","DUFU2-1","DUFU",10.95,3.94,0.99,0.38,0.42,"YES","YES","DUFU2-1",9.210338301,4.161732033,2.189812936,0.22,"YES",0.653,432747,31.02122828,47.50570946,"Replaced dry measurements with 3d scan measurements. Bad calipers? Sf 090619",NA,NA,NA,NA,"S"
"156","DUFU2-2","DUFU",9.09,3.04,0.89,0.39,0.36,"YES","YES","DUFU2-2",7.679499675,3.140022334,1.718675249,0.28,"YES",0.36,277438,19.8879889,55.2444136,"Replaced dry measurements with 3d scan measurements. Bad calipers? Sf 090620",NA,NA,NA,NA,"S"
"157","DUFU3-1","DUFU",12.76,3.97,2.17,0.37,0.29,"YES","YES","DUFU3-1",12.73,3.49,1.85,0.29,"YES",0.805,570374,40.88694332,50.79123393,"",NA,NA,NA,NA,"S"
"158","DUFU3-2","DUFU",12.24,4.17,0.74,0.41,0.25,"YES","YES","DUFU3-2",11.95,3.7,1.14,0.29,"YES",0.758,548437,39.31440166,51.86596525,"",NA,NA,NA,NA,"S"
"159","ERDE1-1","ERDE",11.02,2.84,1.18,0.24,0.66,"YES","YES","ERDE1-1",10.84,2.85,0.78,0.19,"YES",0.431,362770,26.00496591,60.33634782,"",NA,NA,NA,NA,"G"
"160","ERDE1-2","ERDE",9.18,2.87,0.96,0.26,0.61,"YES","YES","ERDE1-2",8.54,2.62,0.94,0.19,"YES",0.281,267076,19.14519468,68.13236543,"",NA,NA,NA,NA,"G"
"161","ERDE2-1","ERDE",6.21,2.82,0.85,0.25,0.38,"YES","YES","ERDE2-1",6.22,1.11,1.04,0.22,"YES",0.186,201397,14.43703206,77.61845192,"",NA,NA,NA,NA,"G"
"162","ERDE2-2","ERDE",5.4,2.55,1,0.25,0.49,"YES","YES","ERDE2-2",4.91,2.06,1.25,0.15,"YES",0.129,137056,9.824783218,76.16111022,"",NA,NA,NA,NA,"G"
"163","ERDE3-1","ERDE",8.24,3.81,0.52,0.24,0.23,"YES","YES","ERDE3-1",7.92,3.86,0.87,0.24,"YES",0.292,327921,23.50683471,80.50285858,"",NA,NA,NA,NA,"G"
"164","ERDE3-2","ERDE",9.06,2.25,0.66,0.2,0.36,"YES","YES","ERDE3-2",7.67,2.28,0.105,0.14,"YES",0.154,212054,15.20097318,98.70761807,"",NA,NA,NA,NA,"G"
"165","ERGR1-1","ERGR",9.13,5.2,4.47,0.39,0.62,"YES","YES","ERGR1-1",6.51,4.98,4.41,0.43,"YES",0.696,576432,41.32120768,59.36955126,"",NA,NA,NA,NA,"S"
"166","ERGR1-2","ERGR",11.13,5.33,2.31,0.34,0.78,"YES","YES","ERGR1-2",10.35,4.65,3.02,0.2,"YES",0.588,604622,43.34199217,73.71087104,"",NA,NA,NA,NA,"S"
"167","ERGR2-1","ERGR",11.11,4.38,1.64,0.35,0.64,"YES","YES","ERGR2-1",10.66,4.08,2.03,0.26,"YES",0.583,563790,40.41497293,69.32242356,"",NA,NA,NA,NA,"S"
"168","ERGR2-2","ERGR",10.3,4.12,1.56,0.35,0.58,"YES","YES","ERGR2-2",9.63,4,1.82,0.3,"YES",0.502,487234,34.9270986,69.57589363,"",NA,NA,NA,NA,"S"
"169","ERGR3-1","ERGR",11.25,4.76,2.77,0.38,0.41,"YES","YES","ERGR3-1",10.8,5.15,1.64,0.31,"YES",0.873,650696,46.64478126,53.43044818,"",NA,NA,NA,NA,"S"
"170","ERGR3-2","ERGR",8.82,4.56,1.33,0.39,0.26,"YES","YES","ERGR3-2",8.12,4.89,1.92,0.35,"YES",0.555,480897,34.47283428,62.11321492,"",NA,NA,NA,NA,"S"
"171","ERSU1-1","ERSU",NA,NA,NA,NA,NA,"YES","YES","ERSU1-1",10.86,3.71,2.37,0.23,"YES",0.476,480917,34.47426797,72.42493271,"",NA,NA,NA,NA,"S"
"172","ERSU1-2","ERSU",10.06,4.8,3.44,0.26,0.55,NA,"YES","ERSU1-2",10.5,3.54,3.32,0.21,"YES",0.637,NA,NA,NA,"",NA,NA,NA,NA,"S"
"173","ERSU2-1","ERSU",10.51,4.28,3.08,0.29,0.55,"YES","YES","ERSU2-1",10.86,4.6,2.22,0.28,"YES",0.601,555548,39.82414974,66.26314433,"",NA,NA,NA,NA,"S"
"174","ERSU2-2","ERSU",7.11,4.54,2.84,0.32,0.52,"YES","YES","ERSU2-2",7.2,4.25,2.28,0.27,"YES",0.44,333678,23.91952205,54.36255012,"",NA,NA,NA,NA,"S"
"175","ERSU3-1","ERSU",9.66,4.49,2.93,0.32,0.48,"YES","YES","ERSU3-1",9.34,4.32,2.93,0.26,"YES",0.578,496556,35.595341,61.58363494,"",NA,NA,NA,NA,"S"
"176","ERSU3-2","ERSU",8.39,4.1,2.38,0.3,0.5,"YES","YES","ERSU3-2",8.55,2.99,2.43,0.23,"YES",0.366,356154,25.53070163,69.75601537,"",NA,NA,NA,NA,"S"
"177","ERTO1-1","ERTO",18.2,5.4,1.52,0.27,0,"YES","YES","ERTO1-1",17.1,3.01,1.91,0.21,"YES",0.885,944509,67.70660294,76.50463609,"",NA,NA,NA,NA,"S"
"178","ERTO1-2","ERTO",14.1,3.9,1.88,0.29,0,"YES","YES","ERTO1-2",13.34,3.14,1.57,0.21,"YES",0.532,544854,39.05755629,73.4164592,"",NA,NA,NA,NA,"S"
"179","ERTO2-1","ERTO",13.05,3.6,2.27,0.25,0.42,"YES","YES","ERTO2-1",12.53,2.01,1.67,0.32,"YES",0.467,496576,35.59677468,76.22435693,"",NA,NA,NA,NA,"S"
"180","ERTO2-2","ERTO",13.69,3.75,2.74,0.26,0.71,"YES","YES","ERTO2-2",13.29,1.43,1.97,0.18,"YES",0.591,532244,38.15361545,64.55772496,"",NA,NA,NA,NA,"S"
"181","ERTO3-1","ERTO",13.1,3.35,1.9,0.19,0.63,"YES","YES","ERTO3-1",12.54,2.28,1.68,0.16,"YES",0.49,492240,35.28595093,72.01214476,"",NA,NA,NA,NA,"S"
"182","ERTO3-2","ERTO",11.32,3.63,1.94,0.17,0.36,"YES","YES","ERTO3-2",10.7,2.46,1.97,0.12,"YES",0.387,468686,33.59749553,86.81523392,"",NA,NA,NA,NA,"S"
"183","FAMO1-1","FAMO",17.4,5.88,2.84,0.19,1.26,"YES","YES","FAMO1-1",12.59,5.06,3.45,0.22,"YES",0.357,958036,68.67627842,192.3705278,"",NA,NA,NA,NA,"F"
"184","FAMO1-2","FAMO",14.16,4.9,1.66,0.2,0.94,"YES","YES","FAMO1-2",12.3,4.39,1.59,0.13,"YES",0.373,662460,47.48807707,127.3138795,"",NA,NA,NA,NA,"F"
"185","FAMO2-1","FAMO",15.62,5.78,1.64,0.2,0.9,"YES","YES","FAMO2-1",13.99,4.26,3.11,0.17,"YES",0.656,880739,63.13528592,96.2428139,"",NA,NA,NA,NA,"F"
"186","FAMO2-2","FAMO",15.2,5.67,1.93,0.14,1.18,"YES","YES","FAMO2-2",14.81,5.24,2.2,0.16,"YES",0.651,823708,59.04705036,90.70207429,"",NA,NA,NA,NA,"F"
"187","FAMO3-1","FAMO",18.3,5.86,2.28,0.21,1.21,"YES","YES","FAMO3-1",12.61,5.37,4.88,0.19,"YES",0.618,1003937,71.9666661,116.450916,"",NA,NA,NA,NA,"F"
"188","FAMO3-2","FAMO",17.4,4.49,1.35,0.2,1.37,"YES","YES","FAMO3-2",11.56,4.07,4.22,0.16,"YES",0.414,736227,52.77602348,127.4783176,"",NA,NA,NA,NA,"F"
"189","GOBA1-1","GOBA",14.5,6.16,4.35,0.48,1.32,"YES","YES","GOBA1-1",13.64,3.19,2.5,0.23,"YES",0.601,845090,60.57980716,100.798348,"",NA,NA,NA,NA,"S"
"190","GOBA1-2","GOBA",11.29,4.52,NA,NA,0.78,"YES","YES","GOBA1-2",10.4,1.11,1.47,0.28,"YES",0.344,464939,33.32889392,96.88631952,"",NA,NA,NA,NA,"S"
"191","GOBA2-1","GOBA",12.61,5.35,3.17,0.83,14.17,"YES","YES","GOBA2-1",11.3,4.62,2.13,0.38,"YES",0.532,735096,52.69494837,99.05065484,"",NA,NA,NA,NA,"S"
"192","GOBA2-2","GOBA",11.95,4.36,2.17,0.76,1.26,"YES","YES","GOBA2-2",11.14,1.46,1.78,0.31,"YES",0.368,422708,30.30158814,82.34127213,"",NA,NA,NA,NA,"S"
"193","GOBA3-1","GOBA",10.79,8.3,4.36,0.98,1.36,"YES","YES","GOBA3-1",10.29,3.37,2.06,0.31,"YES",0.68,662004,47.45538896,69.78733671,"",NA,NA,NA,NA,"S"
"194","GOBA3-2","GOBA",12.32,7.36,4.27,0.66,1.12,"YES","YES","GOBA3-2",10.93,2.34,1.94,0.2,"YES",0.519,678749,48.65574498,93.74902694,"",NA,NA,NA,NA,"S"
"195","GOPO1-1","GOPO",13.5,5.3,NA,NA,NA,NA,"YES","GOPO1-1",11.91,1.98,1.39,0.27,"YES",0.674,NA,NA,NA,"",NA,NA,NA,NA,"G"
"196","GOPO2-1","GOPO",14.5,5.6,3.75,0.43,1.73,"YES","YES","GOPO2-1",13.5,1.63,1.8,0.49,"YES",0.819,723916,51.89351628,63.36204675,"",NA,NA,NA,NA,"G"
"197","GOPO2-2","GOPO",11.6,4.3,1.83,0.44,1.36,"YES","YES","GOPO2-2",10.75,1.16,1.16,0.3,"YES",0.492,421051,30.18280702,61.34716874,"",NA,NA,NA,NA,"G"
"198","GOPO3-1","GOPO",14,4.6,1.69,0.33,1.38,"YES","YES","GOPO3-1",11.99,2.44,2.05,0.27,"YES",0.555,557592,39.97067275,72.01923017,"",NA,NA,NA,NA,"G"
"199","GOPO3-2","GOPO",16.1,4.23,1.73,0.34,1.61,"YES","YES","GOPO3-2",12.18,1.81,2.45,0.21,"YES",0.557,640080,45.8837792,82.37662334,"",NA,NA,NA,NA,"G"
"200","GUNI1-1","GUNI",13.8,3.8,1.05,0.19,0.43,"YES","YES","GUNI1-1",12.92,3.02,2.15,0.17,"YES",0.197,412363,29.56001256,150.0508252,"",NA,NA,NA,NA,"F"
"201","GUNI1-2","GUNI",12.5,3.5,1.11,0.2,0.52,"YES","YES","GUNI1-2",4.9,3.42,2.53,0.18,"YES",0.179,371722,26.64668506,148.8641623,"",NA,NA,NA,NA,"F"
"202","GUNI2-1","GUNI",10.99,3,0.76,0.18,0.44,"YES","YES","GUNI2-1",10.05,2.32,1.39,0.12,"YES",0.184,313224,22.45328843,122.0287414,"",NA,NA,NA,NA,"F"
"203","GUNI2-2","GUNI",13.46,3.33,1.1,0.12,0.38,"YES","YES","GUNI2-2",9.57,2.14,2.56,0.14,"YES",0.238,474668,34.02631188,142.967697,"",NA,NA,NA,NA,"F"
"204","GUNI3-1","GUNI",13.51,3.79,1.02,0.18,0.73,"YES","YES","GUNI3-1",12.43,3.64,1.55,0.13,"YES",0.315,469226,33.63620513,106.7816036,"",NA,NA,NA,NA,"F"
"205","GUNI3-2","GUNI",10.02,2.79,1.17,0.19,0.45,"YES","YES","GUNI3-2",7.62,2.86,1.52,0.14,"YES",0.184,299532,21.47178501,116.6944838,"",NA,NA,NA,NA,"F"
"206","GUVI1-1","GUVI",16.5,6.54,0.66,0.22,5.75,"YES","YES","GUVI1-1",15.43,5.97,1.93,0.17,"YES",0.362,709844,50.88477278,140.5656707,"",NA,NA,NA,NA,"F"
"207","GUVI1-2","GUVI",15.22,8.56,2.07,0.21,3.8,"YES","YES","GUVI1-2",13.82,7.25,1.7,0.19,"YES",0.648,1056904,75.76357607,116.9190989,"",NA,NA,NA,NA,"F"
"208","GUVI2-1","GUVI",20.5,6.35,1.03,0.23,4.23,"YES","YES","GUVI2-1",17.6,3.13,2.98,0.14,"YES",0.422,1053276,75.50350491,178.9182581,"",NA,NA,NA,NA,"F"
"209","GUVI2-2","GUVI",20.4,5.88,1.29,0.25,6.55,"YES","YES","GUVI2-2",17.5,5.07,1.75,0.14,"YES",0.344,858035,61.50776229,178.8016346,"",NA,NA,NA,NA,"F"
"210","GUVI3-1","GUVI",17.6,7.81,0.6,0.13,5.35,"YES","YES","GUVI3-1",16.4,6.15,1.48,0.24,"YES",0.773,1024567,73.44551619,95.01360439,"",NA,NA,NA,NA,"F"
"211","GUVI3-2","GUVI",13.98,7.82,1.21,0.17,3.31,"YES","YES","GUVI3-2",13.1,6.85,1.22,0.2,"YES",0.655,864520,61.97263591,94.61471131,"",NA,NA,NA,NA,"F"
"212","HEAP1-1","HEAP",7.95,1.59,0.26,0.16,0,"YES","YES","HEAP1-1",6.85,1.3,0.99,0.22,"YES",0.07,121616,8.717975396,124.5425057,"",NA,NA,NA,NA,"F"
"213","HEAP1-2","HEAP",8.1,1.95,0.38,0.2,0,"YES","YES","HEAP1-2",6.06,1.4,1.13,0.17,"YES",0.098,147071,10.54270293,107.5786013,"",NA,NA,NA,NA,"F"
"214","JACA1-1","JACA",3.58,0.87,0.34,0.12,0,"YES","YES","JACA1-1",3.53,0.81,0.32,0.15,"YES",0.021,31315,2.244798378,106.8951608,"",NA,NA,NA,NA,"S"
"215","JACA1-2","JACA",3.1,0.84,0.26,0.14,0,"YES","YES","JACA1-2",3.03,0.75,0.22,0.11,"YES",0.017,27313,1.957917231,115.1716018,"",NA,NA,NA,NA,"S"
"216","JACA2-1","JACA",4.05,1.02,0.88,0.13,0,"YES","YES","JACA2-1",3.91,0.94,0.19,0.14,"YES",0.023,39030,2.797843867,121.6453855,"",NA,NA,NA,NA,"S"
"217","JACA2-2","JACA",4,0.92,1.85,0.1,0,"YES","YES","JACA2-2",3.8,0.93,0.11,0.09,"YES",0.018,33458,2.398418142,133.2454523,"",NA,NA,NA,NA,"S"
"218","JACA3-1","JACA",3.97,1.12,0.21,0.1,0,"YES","YES","JACA3-1",3.5,0.92,0.22,0.11,"YES",0.024,41445,2.9709618,123.790075,"",NA,NA,NA,NA,"S"
"219","JACA3-2","JACA",4.49,1.04,0.27,0.13,0,"YES","YES","JACA3-2",4.42,0.91,0.16,0.1,"YES",0.023,38885,2.787449622,121.1934618,"",NA,NA,NA,NA,"S"
"220","KICO1-1","KICO",NA,NA,NA,NA,NA,"YES","YES","KICO1-1",17.7,4.32,2.98,0.3,"YES",1.725,1114147,79.86700872,46.2997152,"",NA,NA,NA,NA,"S"
"221","KICO1-2","KICO",NA,NA,NA,NA,NA,"YES","YES","KICO1-2",15.6,3.58,3.21,0.31,"YES",1.278,845364,60.59944869,47.41740899,"",NA,NA,NA,NA,"S"
"222","KICO1-3","KICO",18.4,6.08,1.3,0.46,0.94,"YES","YES","KICO1-3",16.7,4.4,3.02,0.28,"YES",1.39,979799,70.23634698,50.52974603,"",NA,NA,NA,NA,"S"
"223","KICO1-4","KICO",15.4,5.1,1.4,0.45,0.65,"YES","YES","KICO1-4",13.86,4.16,2.37,0.32,"YES",0.963,707724,50.73280176,52.68203713,"",NA,NA,NA,NA,"S"
"224","KICO2-1","KICO",21.6,6.4,2.02,0.35,0.58,"YES","YES","KICO2-1",NA,NA,NA,NA,"",NA,1056266,75.7178414,NA,"",NA,NA,NA,NA,"S"
"225","KICO2-2","KICO",14.98,4.86,0.63,0.34,0.23,"YES","YES","KICO2-2",8.66,4.69,4.15,0.22,"YES",0.628,612945,43.9386218,69.96595828,"",NA,NA,NA,NA,"S"
"226","KICO3-1","KICO",13.1,5.1,0.44,0.32,0.87,"YES","YES","KICO3-1",10.36,4.18,2.38,0.29,"YES",0.568,600636,43.05625797,75.80327108,"",NA,NA,NA,NA,"S"
"227","KICO3-2","KICO",14.8,5.8,0.61,0.31,1.06,"YES","YES","KICO3-2",12.39,4.55,2,0.21,"YES",0.745,775030,55.55759498,74.57395299,"",NA,NA,NA,NA,"S"
"228","LAHA1-1","LAHA",8.51,3.41,1.79,0.21,0.6,"YES","YES","LAHA1-1",7.12,1.43,1.24,0.13,"YES",0.152,313416,22.46705184,147.8095516,"",NA,NA,NA,NA,"F"
"229","LAHA1-2","LAHA",10.78,3.76,1.26,0.19,0.68,"YES","YES","LAHA1-2",7.3,2.3,1.41,0.14,"YES",0.207,384035,27.52933562,132.9919595,"",NA,NA,NA,NA,"F"
"230","LAHA2-1","LAHA",14.35,3.77,1.21,0.23,0.81,"YES","YES","LAHA2-1",12.14,1.69,2.32,0.24,"YES",0.368,571698,40.98185352,111.3637324,"",NA,NA,NA,NA,"F"
"231","LAHA2-2","LAHA",12.78,3.9,0.78,0.2,0.66,"YES","YES","LAHA2-2",11.19,2.18,1.39,0.2,"YES",0.24,499141,35.78064528,149.086022,"",NA,NA,NA,NA,"F"
"232","LAHA3-1","LAHA",13.06,3.69,0.6,0.21,0.84,"YES","YES","LAHA3-1",9.91,0.71,0.92,0.11,"YES",0.25,491305,35.21892598,140.8757039,"",NA,NA,NA,NA,"F"
"233","LAHA3-2","LAHA",11.25,3.3,0.74,0.25,0.11,"YES","YES","LAHA3-2",9.51,0.93,1.11,0.15,"YES",0.188,343836,24.64769264,131.1047481,"",NA,NA,NA,NA,"F"
"234","LEEL1-1","LEEL",5.52,2.56,0.78,0.3,0.78,"YES","YES","LEEL1-1",5.15,2.37,0.91,0.22,"YES",0.136,127918,9.169730764,67.42449092,"",NA,NA,NA,NA,"S"
"235","LEEL1-2","LEEL",4.2,2.34,0.92,0.27,0.62,"YES","YES","LEEL1-2",4.04,2.09,0.65,0.24,"YES",0.086,92074,6.600273538,76.74736672,"",NA,NA,NA,NA,"S"
"236","LEEL2-1","LEEL",6.48,3.1,1.24,0.25,0.86,"YES","YES","LEEL2-1",6.3,2.73,1.02,0.25,"YES",0.202,142320,10.20213013,50.50559472,"",NA,NA,NA,NA,"S"
"237","LEEL2-2","LEEL",7.84,3.97,1.89,0.29,0.67,"YES","YES","LEEL2-2",7.44,3.8,1.33,0.25,"YES",0.363,288618,20.68942099,56.9956501,"",NA,NA,NA,NA,"S"
"238","LEEL3-1","LEEL",7.7,3.66,0.93,0.27,0.83,"YES","YES","LEEL3-1",7.01,3.59,1.55,0.28,"YES",0.321,263651,18.89967546,58.87749365,"",NA,NA,NA,NA,"S"
"239","LEEL3-2","LEEL",6.36,2.41,1.1,0.3,0.67,"YES","YES","LEEL3-2",5.95,1.27,2.02,0.3,"YES",0.193,159778,11.45359716,59.34506303,"",NA,NA,NA,NA,"S"
"240","LUCA1-1","LUCA",13.8,6.22,1.02,0.16,0.74,"YES","YES","LUCA1-1",12,5.01,2.98,0.18,"YES",0.295,754694,54.09982012,183.3892207,"",NA,NA,NA,NA,"F"
"241","LUCA1-2","LUCA",12.7,6.61,1.63,0.17,0.76,"YES","YES","LUCA1-2",9.28,6.12,2.37,0.18,"YES",0.385,761105,54.55938909,141.7126989,"",NA,NA,NA,NA,"F"
"242","LUCA2-1","LUCA",12.68,6.4,1.8,0.19,0.97,"YES","YES","LUCA2-1",11.06,4.09,3.27,0.17,"YES",0.302,765232,54.85523079,181.6398371,"",NA,NA,NA,NA,"F"
"243","LUCA2-2","LUCA",12.89,6.09,1.24,0.19,0.84,"YES","YES","LUCA2-2",11.12,5.36,2.05,0.26,"YES",0.222,665631,47.71538844,214.9341822,"",NA,NA,NA,NA,"F"
"244","LUCA3-1","LUCA",13.12,7.08,2.02,0.2,0.8,"YES","YES","LUCA3-1",10.86,5.56,2.69,0.2,"YES",0.378,830332,59.52188812,157.4653125,"",NA,NA,NA,NA,"F"
"245","LUCA3-2","LUCA",9.04,5.35,0.56,0.17,0.61,"YES","YES","LUCA3-2",7.22,3.96,2.32,0.18,"YES",0.14,428368,30.7073221,219.338015,"",NA,NA,NA,NA,"F"
"246","LUGR1-1","LUGR",11.4,8.69,2.98,0.31,0.72,"YES","YES","LUGR1-1",10.45,7.88,2.08,0.29,"YES",0.793,1026743,73.60150154,92.81399942,"",NA,NA,NA,NA,"G"
"247","LUGR1-2","LUGR",12.61,8.23,1.72,0.33,0.56,"YES","YES","LUGR1-2",11.78,7.39,2.39,0.22,"YES",0.691,1069541,76.6694524,110.954345,"",NA,NA,NA,NA,"G"
"248","LUGR2-1","LUGR",12.81,10.02,2.59,0.24,0.77,"YES","YES","LUGR2-1",11.64,9.39,2.43,0.16,"YES",0.757,1495642,107.2142659,141.6304701,"",NA,NA,NA,NA,"G"
"249","LUGR2-2","LUGR",13.2,9.18,5.04,0.17,1.09,"YES","YES","LUGR2-2",13.26,8.39,1.83,0.15,"YES",0.693,1296416,92.93286073,134.1022521,"",NA,NA,NA,NA,"G"
"250","LUGR3-1","LUGR",13.76,10.4,1.89,0.24,0.72,"YES","YES","LUGR3-1",13.18,8.39,3.22,0.16,"YES",0.926,1473601,105.634269,114.0758845,"",NA,NA,NA,NA,"G"
"251","LUGR3-2","LUGR",10.91,8.93,2.26,0.25,0.65,"YES","YES","LUGR3-2",10,8.34,2.06,0.16,"YES",0.843,1073662,76.96486399,91.29877105,"",NA,NA,NA,NA,"G"
"252","MAAC1-1","MAAC",6.71,2.39,1.56,0.18,0.23,"YES","YES","MAAC1-1",6.82,2.08,1.19,0.18,"YES",0.086,138764,9.947220249,115.6653517,"",NA,NA,NA,NA,"S"
"253","MAAC1-2","MAAC",6.3,2.19,1.05,0.2,0.38,"YES","YES","MAAC1-2",6.29,2.11,0.6,0.15,"YES",0.083,133400,9.562704889,115.2133119,"",NA,NA,NA,NA,"S"
"254","MAAC1-3","MAAC",NA,NA,NA,NA,NA,NA,"YES","MAAC1-3",6.38,1.08,0.95,0.17,"YES",0.103,NA,NA,NA,"",NA,NA,NA,NA,"S"
"255","MAAC2-1","MAAC",7.46,2.89,1.67,0.22,0.5,"YES","YES","MAAC2-1",5.72,2.23,1.43,0.21,"YES",0.186,227606,16.31580966,87.71940679,"",NA,NA,NA,NA,"S"
"256","MAAC2-2","MAAC",5.95,2.47,1.35,0.2,0.45,"YES","YES","MAAC2-2",5.65,2.21,1.37,0.17,"YES",0.112,144807,10.38040935,92.68222631,"",NA,NA,NA,NA,"S"
"257","MAAC3-1","MAAC",9.09,2.83,1.8,0.26,0.69,"YES","YES","MAAC3-1",8.37,2.32,1.09,0.27,"YES",0.225,240963,17.27329879,76.77021683,"",NA,NA,NA,NA,"S"
"258","MAAC3-2","MAAC",6,1.72,1.02,0.21,0.43,"YES","YES","MAAC3-2",6.03,1.58,0.83,0.36,"YES",0.084,103651,7.430164351,88.45433751,"",NA,NA,NA,NA,"S"
"259","MABR2-1","MABR",5.53,1.82,0.57,0.18,0.24,"YES","YES","MABR2-1",4.620152093,2.022972889,1.341033155,0.21,"YES",0.071,96732,6.93417968,97.66450254,"replaced dry measurements with 3d. Bad calipers? Sf 090619",NA,NA,NA,NA,"F"
"260","MABR2-2","MABR",6.2,1.87,0.52,0.24,0.24,"YES","YES","MABR2-2",5.28,1.83,1.2,0.34,"YES",0.099,112121,8.037331596,81.18516763,"",NA,NA,NA,NA,"F"
"261","MABR3-1","MABR",6.57,2.28,0.78,0.23,0.3,"YES","YES","MABR3-1",4.92,2.72,0.175,0.21,"YES",0.146,172044,12.33287856,84.47177096,"",NA,NA,NA,NA,"F"
"262","MABR3-2","MABR",9.96,2.51,0.53,0.34,0.5,"YES","YES","MABR3-2",6.51,2.55,0.3,0.18,"YES",0.133,134715,9.656969933,72.60879649,"freshL changed from 4.96; transcription error. Sf 090619",NA,NA,NA,NA,"F"
"263","MAEL1-1","MAEL",9.7,3.17,2.58,NA,0.26,NA,"YES","MAEL1-1",9.09,1.36,0.97,0.22,"YES",0.27,NA,NA,NA,"",NA,NA,NA,NA,"F"
"264","MAEL1-2","MAEL",6.24,2.06,1.68,0.24,0.15,NA,"YES","MAEL1-2",6.1,0.89,0.99,0.2,"YES",0.105,NA,NA,NA,"",NA,NA,NA,NA,"F"
"265","MAEL2-1","MAEL",8.28,2.27,2.03,0.2,0.25,"YES","YES","MAEL2-1",8.36,1.06,1.05,0.11,"YES",0.139,210954,15.12212029,108.7922323,"",NA,NA,NA,NA,"F"
"266","MAEL2-2","MAEL",7.7,2.09,1.27,0.18,0.15,"YES","YES","MAEL2-2",7.2,0.86,1.07,0.12,"YES",0.116,184217,13.2054933,113.8404595,"",NA,NA,NA,NA,"F"
"267","MAEL3-1","MAEL",8.99,2.5,1.56,0.25,0.22,"YES","YES","MAEL3-1",9.23,1.25,0.89,0.24,"YES",0.284,250903,17.98584216,63.33043016,"",NA,NA,NA,NA,"F"
"268","MAEL3-2","MAEL",9.14,2.23,1.89,0.22,0.43,"YES","YES","MAEL3-2",9.13,1,0.92,0.15,"YES",0.28,243882,17.48254568,62.43766314,"",NA,NA,NA,NA,"F"
"269","MAGU1-1","MAGU",6.66,3.04,0.63,0.11,1.16,"YES","YES","MAGU1-1",6.12,2.84,0.83,0.06,"YES",0.074,167588,12.01345268,162.3439551,"",NA,NA,NA,NA,"F"
"270","MAGU1-2","MAGU",6.06,2.84,1.25,0.11,0.13,"YES","YES","MAGU1-2",5.3,1.98,1.2,0.05,"YES",0.088,198039,14.19631569,161.3217692,"",NA,NA,NA,NA,"F"
"271","MAGU2-1","MAGU",7.76,3.32,1.51,0.13,0.49,"YES","YES","MAGU2-1",7.09,3.37,1.55,0.13,"YES",0.131,266648,19.11451374,145.9123186,"",NA,NA,NA,NA,"F"
"272","MAGU2-2","MAGU",5.94,2.55,0.96,0.1,1.12,"YES","YES","MAGU2-2",4.54,2.5,1.49,0.11,"YES",0.054,125763,9.015250787,166.9490886,"",NA,NA,NA,NA,"F"
"273","MAGU3-1","MAGU",3.91,2.51,0.68,0,1.02,"YES","YES","MAGU3-1",4.19,2.27,1.06,0.08,"YES",0.041,112179,8.041489293,196.1338852,"replaced fresh measurements with 3d. Bad calipers? Sf 090619",NA,NA,NA,NA,"F"
"274","MAGU3-2","MAGU",4.52,2.7,0.63,0,0.88,"YES","YES","MAGU3-2",4.6,2.29,0.86,0.12,"YES",0.038,128588,9.217759342,242.5726143,"replaced fresh measurements with 3d. Bad calipers? Sf 090619",NA,NA,NA,NA,"F"
"275","MIAL1-1","MIAL",11.1,4.58,0.56,0.38,0.7,"YES","YES","MIAL1-1",8.93,2.98,2.07,0.3,"YES",0.479,483148,34.63419596,72.30521078,"",NA,NA,NA,NA,"S"
"276","MIAL1-2","MIAL",13.62,5.59,1.68,0.34,0.94,"YES","YES","MIAL1-2",8.01,4.53,4.04,0.23,"YES",0.866,767137,54.99178966,63.50091185,"",NA,NA,NA,NA,"S"
"277","MIAL2-1","MIAL",12.47,5.37,0.48,0.35,1.6,"YES","YES","MIAL2-1",9.52,2.37,1.06,0.33,"YES",0.602,617132,44.23876457,73.48631988,"",NA,NA,NA,NA,"S"
"278","MIAL2-2","MIAL",10.78,4.57,0.53,0.31,1.35,"YES","YES","MIAL2-2",9.07,2.92,1.81,0.2,"YES",0.354,346923,24.86898252,70.25136305,"",NA,NA,NA,NA,"S"
"279","MIAL3-1","MIAL",11.98,5.13,0.6,0.41,0.98,"YES","YES","MIAL3-1",10.59,4.44,1.76,0.31,"YES",0.588,587792,42.13554297,71.65908668,"",NA,NA,NA,NA,"S"
"280","MIAL3-2","MIAL",9.44,4.3,0.32,0.4,0.64,"YES","YES","MIAL3-2",8.5,3.51,1.18,0.32,"YES",0.394,412260,29.55262907,75.00667276,"",NA,NA,NA,NA,"S"
"281","MILI1-1","MILI",8,3.7,0.63,0.22,0.44,"YES","YES","MILI1-1",6.74,2.38,0.8,0.17,"YES",0.202,277607,19.90010357,98.5153642,"",NA,NA,NA,NA,"G"
"282","MILI1-2","MILI",6.3,2.7,0.43,0.22,0.4,"YES","YES","MILI1-2",5.47,1.42,0.96,0.21,"YES",0.118,149795,10.73797136,90.99975725,"",NA,NA,NA,NA,"G"
"283","MILI2-1","MILI",6.51,2.96,0.32,0.19,0.54,"YES","YES","MILI2-1",5.96,2.39,0.69,0.09,"YES",0.106,187259,13.42355738,126.6373338,"",NA,NA,NA,NA,"G"
"284","MILI2-2","MILI",6.21,2.19,0.73,0.25,0.37,"YES","YES","MILI2-2",5.83,1.83,0.29,0.27,"YES",0.109,135848,9.738188409,89.34117806,"",NA,NA,NA,NA,"G"
"285","MILI3-1","MILI",7.62,3.08,0.56,0.27,0.66,"YES","YES","MILI3-1",6.89,2.41,0.71,0.1,"YES",0.205,NA,NA,NA,"",NA,NA,NA,NA,"G"
"286","MILI3-1","MILI",7.43,3.19,0.51,0.22,0.46,"YES","YES","MILI3-1",6.2,2.13,1.76,0.19,"YES",0.188,NA,NA,NA,"",NA,NA,NA,NA,"G"
"287","MILI3-2","MILI",8.19,3.17,0.72,0.25,0.78,"YES","YES","MILI3-2",7.47,2.05,0.91,0.16,"YES",0.209,228093,16.35071999,78.23310998,"",NA,NA,NA,NA,"G"
"288","MILI3-2","MILI",5.96,1.99,0.29,0.24,0.92,"YES","YES","MILI3-2",4.94,1.4,0.74,0.24,"YES",0.096,251867,18.05494597,188.0723538,"",NA,NA,NA,NA,"G"
"289","MISE1-1","MISE",12.42,3.7,3.57,0.18,0.86,"YES","YES","MISE1-1",10.63,3.27,1.23,0.12,"YES",0.305,426339,30.56187436,100.2028668,"",NA,NA,NA,NA,"F"
"290","MISE1-2","MISE",12.87,3.21,2.04,0.14,1.12,"YES","YES","MISE1-2",10.44,2.62,0.67,0.15,"YES",0.173,334476,23.97672624,138.5937933,"",NA,NA,NA,NA,"F"
"291","MISE2-1","MISE",13.82,3.18,1.13,0.16,0.68,"YES","YES","MISE2-1",12.34,2.47,1.47,0.22,"YES",0.153,395950,28.38345578,185.5127829,"",NA,NA,NA,NA,"F"
"292","MISE2-2","MISE",13.42,3.56,0.95,0.22,1,"YES","YES","MISE2-2",12.18,2.97,1.78,0.29,"YES",0.202,366450,26.26876467,130.0433894,"",NA,NA,NA,NA,"F"
"293","MISE3-1","MISE",8.31,2.09,1.7,0.19,0,"YES","YES","MISE3-1",6.92,1.71,0.62,0.27,"YES",0.097,151763,10.87904634,112.1551169,"",NA,NA,NA,NA,"F"
"294","MISE3-2","MISE",10.69,2.62,2.07,0.15,1.49,"YES","YES","MISE3-2",10.55,2.28,0.71,0.3,"YES",0.168,239023,17.13423096,101.98947,"",NA,NA,NA,NA,"F"
"295","MYFA1-1","MYFA",5.8,1.4,0.23,0.27,0.44,"YES","YES","MYFA1-1",3.74,1.21,1.21,0.18,"YES",0.058,70216,5.033394951,86.78267157,"",NA,NA,NA,NA,"F"
"296","MYFA1-2","MYFA",3.8,1.2,0.33,0.26,0.3,"YES","YES","MYFA1-2",NA,NA,NA,NA,"NO",0.043,40116,2.875693173,66.87658543,"dry measurements don't make sense, not transcription error, no 3d scan. Dry measurements removed. Sf 090619",NA,NA,NA,NA,"F"
"297","MYFA2-1","MYFA",6,1.79,0.74,0.23,0.22,"YES","YES","MYFA2-1",4.55,1.74,0.78,0.18,"YES",0.082,98887,7.088659658,86.447069,"",NA,NA,NA,NA,"F"
"298","MYFA2-2","MYFA",6.25,1.45,0.4,0.24,0.23,"YES","YES","MYFA2-2",5.95,1.32,0.875,0.2,"YES",0.087,81202,5.820920258,66.9071294,"",NA,NA,NA,NA,"F"
"299","MYFA3-1","MYFA",5.66,1.83,0.66,0.25,0.3,"YES","YES","MYFA3-1",5.49,1.63,0.58,0.22,"YES",0.081,96761,6.936258529,85.63282134,"",NA,NA,NA,NA,"F"
"300","MYFA3-2","MYFA",5.36,1.81,0.7,0.21,0.19,"YES","YES","MYFA3-2",5.17,1.61,0.77,0.32,"YES",0.075,87133,6.246080698,83.28107597,"",NA,NA,NA,NA,"F"
"301","MYFE1-1","MYFE",12.41,2.66,1.2,0.22,0.94,"YES","YES","MYFE1-1",11.81,2.64,1.47,0.14,"YES",0.191,312294,22.38662189,117.2074445,"",NA,NA,NA,NA,"F"
"302","MYFE1-2","MYFE",11.2,2.43,0.5,0.25,0.87,"YES","YES","MYFE1-2",10.59,2.2,0.79,0.17,"YES",0.187,241031,17.27817333,92.39664882,"",NA,NA,NA,NA,"F"
"303","MYFE2-1","MYFE",10.34,2.62,0.62,0.2,1.1,"YES","YES","MYFE2-1",9.18,2.14,1.54,0.16,"YES",0.122,238454,17.09344252,140.1101846,"",NA,NA,NA,NA,"F"
"304","MYFE2-2","MYFE",7.58,2.27,0.87,0.26,0.84,"YES","YES","MYFE2-2",7.08,2.06,1.18,0.15,"YES",0.103,147836,10.59754153,102.8887527,"",NA,NA,NA,NA,"F"
"305","MYFE3-1","MYFE",12.96,2.44,0.73,0.23,1.34,"YES","YES","MYFE3-1",9.52,2.83,3.88,0.19,"YES",0.222,324550,23.26518644,104.7981371,"",NA,NA,NA,NA,"F"
"306","MYFE3-2","MYFE",12.84,3.38,0.8,0.16,1.36,"YES","YES","MYFE3-2",9.76,3.08,2.76,0.13,"YES",0.217,370115,26.53148816,122.2649224,"",NA,NA,NA,NA,"F"
"307","MYGU1-1","MYGU",10.67,5.93,1.71,0.35,0.3,"YES","YES","MYGU1-1",10.37,2.47,1.87,0.23,"YES",0.739,572421,41.03368137,55.52595585,"",NA,NA,NA,NA,"G"
"308","MYGU1-2","MYGU",12.04,7.11,1.65,0.41,0.23,"YES","YES","MYGU1-2",11.45,3.19,3.02,0.25,"YES",0.815,705575,50.57875189,62.05981827,"",NA,NA,NA,NA,"G"
"309","MYGU2-1","MYGU",9.85,5.76,1.39,0.36,0.35,"YES","YES","MYGU2-1",8.51,5.24,2.85,0.22,"YES",0.645,624277,44.75094992,69.38131771,"",NA,NA,NA,NA,"G"
"310","MYGU2-2","MYGU",9.94,4.11,1.01,0.37,0.4,"YES","YES","MYGU2-2",8.8,4.08,1.81,0.18,"YES",0.512,438758,31.45212348,61.42992866,"",NA,NA,NA,NA,"G"
"311","MYGU3-1","MYGU",8.36,3.6,0.96,0.29,0.24,"YES","YES","MYGU3-1",8.11,1.63,0.92,0.25,"YES",0.345,329235,23.60102807,68.408777,"",NA,NA,NA,NA,"G"
"312","MYGU3-2","MYGU",7.48,3.49,0.7,0.23,0.19,"YES","YES","MYGU3-2",7.17,1.51,0.98,0.16,"YES",0.173,261673,18.75788363,108.427073,"",NA,NA,NA,NA,"G"
"313","MYLI1-1","MYLI",14.76,5.85,1.46,0.34,0.76,"","YES","MYLI1-1",14.49,5.18,2.38,0.24,"YES",0.645,284879,20.42139285,31.66107418,"",NA,NA,NA,NA,"G"
"314","MYLI1-2","MYLI",13.55,3.81,3.22,0.32,0.78,"","YES","MYLI1-2",12.03,3.73,3.73,0.3,"YES",0.953,NA,NA,NA,"",NA,NA,NA,NA,"G"
"315","MYLI2-1","MYLI",10.83,2.86,3.07,0.28,0.82,"YES","YES","MYLI2-1",10.48,3.12,2.89,0.25,"YES",0.475,386760,27.72467573,58.36773839,"",NA,NA,NA,NA,"G"
"316","MYLI2-2","MYLI",12.28,2.63,1.23,0.38,0.68,"YES","YES","MYLI2-2",11.36,2.12,1.93,0.27,"YES",0.282,325873,23.36002496,82.83696796,"",NA,NA,NA,NA,"G"
"317","MYLI3-1","MYLI",12.1,3.19,2.8,0.24,0.95,"YES","YES","MYLI3-1",11.97,2.75,2.86,0.18,"YES",0.815,557714,39.97941825,49.05450092,"",NA,NA,NA,NA,"G"
"318","MYLI3-2","MYLI",13.08,3.45,2.2,0.28,0.96,"YES","YES","MYLI3-2",12.84,2.85,1.36,0.19,"YES",0.527,488840,35.04222382,66.49378334,"",NA,NA,NA,NA,"G"
"319","MYMU1-1","MYMU",6.09,2.23,1.19,0.17,0.43,"YES","YES","MYMU1-1",3.48489219,1.871618752,2.388465777,0.14,"YES",0.101,123320,8.840125689,87.52599692,"replaced dry measurements with 3d. Bad calipers? Sf 090619",NA,NA,NA,NA,"F"
"320","MYMU1-2","MYMU",5,2.4,0.69,0.18,0.38,"YES","YES","MYMU1-2",4.24,2.05,0.8,0.18,"YES",0.093,102123,7.32063052,78.7164572,"",NA,NA,NA,NA,"F"
"321","MYMU2-1","MYMU",6.62,2.79,1.01,0.17,0.67,"YES","YES","MYMU2-1",6.3,2.57,0.99,0.15,"YES",0.114,189423,13.57868252,119.1112502,"",NA,NA,NA,NA,"F"
"322","MYMU2-2","MYMU",5.32,2.88,1.28,0.2,0.51,"YES","YES","MYMU2-2",5.31,2.59,1.11,0.18,"YES",0.108,142881,10.24234511,94.83652877,"",NA,NA,NA,NA,"F"
"323","MYMU3-1","MYMU",5.31,3.21,0.9,0.14,0.39,"YES","YES","MYMU3-1",5.28,3,0.98,0.13,"YES",0.118,167089,11.97768214,101.5057808,"",NA,NA,NA,NA,"F"
"324","MYMU3-2","MYMU",5.62,2.69,0.99,0.17,0.26,"YES","YES","MYMU3-2",5.39,2.64,0.92,0.14,"YES",0.115,146410,10.49531951,91.26364792,"",NA,NA,NA,NA,"F"
"325","MYTO1-1","MYTO",7.11,3.18,1.46,0.35,1.03,"YES","YES","MYTO1-1",6.54,2.03,1.68,0.18,"YES",0.201,206776,14.82262268,73.74439146,"",NA,NA,NA,NA,"G"
"326","MYTO1-2","MYTO",9.88,4.94,1.74,0.35,1.2,"YES","YES","MYTO1-2",9.31,2.44,1.68,0.28,"YES",0.507,438385,31.42538518,61.98300824,"",NA,NA,NA,NA,"G"
"327","MYTO2-1","MYTO",10.61,3.78,1.35,0.27,1.26,"YES","YES","MYTO2-1",9.26,3.55,2.31,0.17,"YES",0.407,363929,26.08804818,64.09839848,"",NA,NA,NA,NA,"G"
"328","MYTO2-2","MYTO",11.17,4.54,0.97,0.26,1.22,"YES","YES","MYTO2-2",9.25,4.21,2.59,0.24,"YES",0.521,473421,33.93692137,65.13804486,"",NA,NA,NA,NA,"G"
"329","MYTO3-1","MYTO",8.57,4.05,1.46,0.29,0.57,"YES","YES","MYTO3-1",8.26,3.72,1.25,0.31,"YES",0.351,374024,26.81170265,76.38661723,"",NA,NA,NA,NA,"G"
"330","MYTO3-2","MYTO",9.09,4.12,2.4,0.27,0.97,"YES","YES","MYTO3-2",9.22,3.91,1.12,0.25,"YES",0.365,379994,27.23965878,74.62920214,"",NA,NA,NA,NA,"G"
"331","MYUM1-1","MYUM",9.51,3.33,1.3,0.31,0.77,"YES","YES","MYUM1-1",9.25,2.69,1,0.19,"YES",0.365,333924,23.93715643,65.58125048,"",NA,NA,NA,NA,"G"
"332","MYUM1-2","MYUM",9.4,2.98,1.6,0.38,1.46,"YES","YES","MYUM1-2",9.41,2.69,1.31,0.18,"YES",0.349,264202,18.93917359,54.26697304,"",NA,NA,NA,NA,"G"
"333","MYUM1-3","MYUM",9.87,3.11,3.03,0.43,1.2,"YES","YES","MYLI1-1",9.97,2.4,0.79,0.16,"YES",0.441,284879,20.42139285,46.30701326,"",NA,NA,NA,NA,"G"
"334","MYUM1-4","MYUM",8.62,2.66,0.8,0.38,0.91,"YES","YES","MYL1-2",8.58,2.2,0.66,0.28,"YES",0.304,216053,15.48763928,50.94618183,"",NA,NA,NA,NA,"G"
"335","MYUM2-1","MYUM",17.7,6.23,3.71,0.24,1.21,"YES","YES","MYUM2-1",15.8,5.78,2.28,0.17,"YES",1.089,1042086,74.70135597,68.59628648,"",NA,NA,NA,NA,"G"
"336","MYUM2-2","MYUM",13.27,4.17,0.87,0.4,1.25,"YES","YES","MYUM2-2",12.89,3.83,0.96,0.27,"YES",0.716,496592,35.59792164,49.71776765,"",NA,NA,NA,NA,"G"
"337","MYUM3-1","MYUM",11.6,2.99,0.76,0.32,1.41,"YES","YES","MYUM3-1",12.01,2.11,2.21,0.19,"YES",0.443,512924,36.76867198,82.99925955,"",NA,NA,NA,NA,"G"
"338","MYUM3-2","MYUM",15.7,5.53,2.2,0.39,1.89,"YES","YES","MYUM3-2",15.3,4.9,1.84,0.17,"YES",0.982,812412,58.23730288,59.30478908,"",NA,NA,NA,NA,"G"
"339","NECU1-1","NECU",17.5,4,1.51,0.23,0.57,"YES","YES","NECU1-1",14.98,1.74,1.59,0.24,"YES",0.456,621293,44.53704354,97.66895514,"",NA,NA,NA,NA,"F"
"340","NECU1-2","NECU",17.1,3.8,1.53,0.2,0.68,"YES","YES","NECU1-2",15.13,1.17,1.39,0.31,"YES",0.398,565463,40.53490101,101.8464849,"",NA,NA,NA,NA,"F"
"341","NECU2-1","NECU",17.6,4.35,1.29,0.21,1.17,"YES","YES","NECU2-1",12.49,1.64,1.29,0.23,"YES",0.406,648220,46.46729058,114.4514546,"changed freshH from 12.9; transcription error sf 090619",NA,NA,NA,NA,"F"
"342","NECU2-2","NECU",13.71,3.48,2.19,0.21,0.77,"YES","YES","NECU2-2",12.49,1.64,1.29,0.23,"YES",0.313,466551,33.44444924,106.8512755,"",NA,NA,NA,NA,"F"
"343","NECU3-1","NECU",16.4,3.76,2.37,0.2,0.61,"YES","YES","NECU3-1",14.7,1.72,1.51,0.3,"YES",0.42,588492,42.18572208,100.4421954,"",NA,NA,NA,NA,"F"
"344","NECU3-2","NECU",16.5,4.11,2.5,0.19,0.62,"YES","YES","NECU3-2",15.7,0.44,1.69,0.14,"YES",0.498,675956,48.45553033,97.3002617,"",NA,NA,NA,NA,"F"
"345","OCCO1-1","OCCO",10.4,2.8,2.257,0.24,NA,"YES","YES","OCCO1-1",9.38,1.72,1.65,0.22,"YES",0.247,245581,17.60433755,71.27262166,"",NA,NA,NA,NA,"G"
"346","OCCO1-2","OCCO",9.02,2.79,0.82,0.23,0.36,"YES","YES","OCCO1-2",7.66,2.76,0.989,0.21,"YES",0.21,216267,15.50297975,73.82371308,"",NA,NA,NA,NA,"G"
"347","OCCO2-1","OCCO",10.4,2.6,1.71,0.35,0.98,"YES","YES","OCCO2-1",9.5,1.67,0.71,0.27,"YES",0.208,219504,15.73502229,75.64914564,"",NA,NA,NA,NA,"G"
"348","OCCO2-2","OCCO",8.9,1.85,1.59,0.44,0.95,"YES","YES","OCCO2-2",8.31,1.38,1.21,0.21,"YES",0.12,142241,10.19646706,84.97055885,"",NA,NA,NA,NA,"G"
"349","OCCO3-1","OCCO",8.47,2.78,1.29,0.18,0.78,"YES","YES","OCCO3-1",8.28,2.03,1.5,0.17,"YES",0.231,224934,16.12426883,69.80202955,"",NA,NA,NA,NA,"G"
"350","OCCO3-2","OCCO",7.25,2.72,0.99,0.2,0.52,"YES","YES","OCCO3-2",6.56,2.61,0.94,0.2,"YES",0.17,176043,12.61954465,74.23261561,"",NA,NA,NA,NA,"G"
"351","OCMI1-1","OCMI",14,2.55,1.42,0.22,0.77,"YES","YES","OCMI1-1",12.94,2.43,1.31,0.16,"YES",0.418,468551,33.58781813,80.35363189,"",NA,NA,NA,NA,"F"
"352","OCMI1-2","OCMI",10.49,2.69,1.05,0.21,0.68,"YES","YES","OCMI1-2",7.53,3,2.82,0.16,"YES",0.26,349221,25.03371337,96.28351297,"",NA,NA,NA,NA,"F"
"353","OCMI2-1","OCMI",11.68,3.61,1.65,0.18,0.65,"YES","YES","OCMI2-1",11,2.53,1.66,0.13,"YES",0.326,421070,30.18416902,92.58947553,"",NA,NA,NA,NA,"F"
"354","OCMI2-2","OCMI",9.89,2.25,0.96,0.24,0,"YES","YES","OCMI2-2",8.8,2.15,2,0.15,"YES",0.248,272458,19.53100036,78.75403373,"",NA,NA,NA,NA,"F"
"355","OCMI3-1","OCMI",14.05,3.39,2.68,0.23,0.72,"YES","YES","OCMI3-1",13.73,3.5,1.46,0.19,"YES",0.402,538245,38.5837938,95.97958657,"",NA,NA,NA,NA,"F"
"356","OCMI3-2","OCMI",12.83,3.71,1.85,0.22,0.51,"YES","YES","OCMI3-2",12.18,3.2,1.68,0.15,"YES",0.34,480604,34.45183074,101.3289139,"",NA,NA,NA,NA,"F"
"357","OCPU1-1","OCPU",7.45,3.33,0.71,0.22,0.42,"YES","YES","OCPU1-1",7.25,3.15,0.75,0.17,"YES",0.227,230335,16.51143651,72.73760578,"",NA,NA,NA,NA,"G"
"358","OCPU1-2","OCPU",6.48,2.83,1.17,0.27,0.77,"YES","YES","OCPU1-2",6.4,2.78,1.13,0.19,"YES",0.223,175818,12.60341565,56.51755898,"",NA,NA,NA,NA,"G"
"359","OCPU2-1","OCPU",5.46,3.08,0.88,0.29,0.47,"YES","YES","OCPU2-1",5.53,3.06,0.57,0.19,"YES",0.179,173638,12.44714356,69.53711489,"",NA,NA,NA,NA,"G"
"360","OCPU2-2","OCPU",4.46,1.79,0.53,0.25,0.24,"YES","YES","OCPU2-2",4.52,1.77,0.51,0.21,"YES",0.089,82787,5.934540102,66.68022587,"",NA,NA,NA,NA,"G"
"361","OCPU3-1","OCPU",4.62,2.46,0.68,0.23,0.5,"YES","YES","OCPU3-1",4.57,2.32,0.74,0.2,"YES",0.109,111199,7.971238538,73.13062879,"",NA,NA,NA,NA,"G"
"362","OCPU3-2","OCPU",5.62,2.39,0.54,0.17,0.46,"YES","YES","OCPU3-2",5.53,2.27,0.57,0.28,"YES",0.151,127190,9.117544489,60.38108933,"",NA,NA,NA,NA,"G"
"363","OUSP1-1","OUSP",10.47,5.08,1.23,0.34,0,"YES","YES","OUSP1-1",9.99,5.7,3.94,0.23,"YES",0.834,603707,43.2764009,51.89016895,"",NA,NA,NA,NA,"S"
"364","OUSP1-2","OUSP",12.61,3.44,1.77,0.36,0.37,"YES","YES","OUSP1-2",12.15,3.36,1.69,0.26,"YES",0.656,482107,34.55957246,52.68227509,"",NA,NA,NA,NA,"S"
"365","OUSP2-1","OUSP",10.73,5.48,2.81,0.35,0.23,"YES","YES","OUSP2-1",9.74,5.38,3.13,0.27,"YES",0.909,700230,50.19559853,55.22068045,"",NA,NA,NA,NA,"S"
"366","OUSP2-2","OUSP",10.05,4.63,2.4,0.32,0.31,"YES","YES","OUSP2-2",9.39,4.59,2.16,0.19,"YES",0.68,541408,38.8105317,57.07431132,"",NA,NA,NA,NA,"S"
"367","OUSP3-1","OUSP",11.2,5.52,1.16,0.37,0.25,"YES","YES","OUSP3-1",10.06,4.87,1.5,0.14,"YES",0.88,651274,46.68621487,53.0525169,"",NA,NA,NA,NA,"S"
"368","OUSP3-2","OUSP",11.88,4.1,1.13,0.36,0.41,"YES","YES","OUSP3-2",11.04,4.06,2.03,0.21,"YES",0.741,529161,37.93261231,51.19110973,"",NA,NA,NA,NA,"S"
"369","PEOB1-1","PEOB",8.51,4.54,1.56,0.3,0.85,"YES","YES","PEOB1-1",7.95,4.15,1.62,0.14,"YES",0.279,361216,25.89356828,92.80848847,"",NA,NA,NA,NA,"F"
"370","PEOB1-2","PEOB",10.23,5.19,1.97,0.26,1.06,"YES","YES","PEOB1-2",9.33,3.98,1.51,0.24,"YES",0.438,493495,35.37591491,80.76692902,"",NA,NA,NA,NA,"F"
"371","PEOB2-1","PEOB",11.76,6.35,1.97,0.25,0.64,"YES","YES","PEOB2-1",10.91,3.58,2.93,0.28,"YES",0.502,739071,52.97989404,105.5376375,"",NA,NA,NA,NA,"F"
"372","PEOB2-2","PEOB",9.15,3.94,1.51,0.24,0.45,"YES","YES","PEOB2-2",7.76,3.33,2.16,0.17,"YES",0.285,394150,28.25442378,99.13832904,"",NA,NA,NA,NA,"F"
"373","PEOB3-1","PEOB",7.08,3.5,0.97,0.24,0.69,"YES","YES","PEOB3-1",6.78,2.95,0.83,0.15,"YES",0.235,249652,17.89616492,76.1538933,"",NA,NA,NA,NA,"F"
"374","PEOB3-2","PEOB",6.69,3.11,1,0.28,0.52,"YES","YES","PEOB3-2",6.52,2.84,0.43,0.31,"YES",0.201,207546,14.87781971,74.01900352,"",NA,NA,NA,NA,"F"
"375","PIAX1-1","PIAX",19.8,10,4.88,0.46,2.95,"YES","YES","PIAX1-1",16.5,5,4.12,0.3,"YES",1.042,1601750,114.8205589,110.1924749,"",NA,NA,NA,NA,"F"
"376","PIAX1-2","PIAX",16.2,6.61,1.95,0.43,2.15,"YES","YES","PIAX1-2",9.07,5.62,4.79,0.2,"YES",0.463,917862,65.79642755,142.1089148,"",NA,NA,NA,NA,"F"
"377","PIAX2-1","PIAX",18.2,8.4,4.07,0.42,1.78,"YES","YES","PIAX2-1",14.59,4.06,3.4,0.29,"YES",0.646,1048579,75.16680307,116.3572803,"",NA,NA,NA,NA,"F"
"378","PIAX2-2","PIAX",18.7,9.3,4.35,0.4,1.71,"YES","YES","PIAX2-2",16.4,3.28,2.31,0.3,"YES",0.777,1135623,81.40650385,104.7702752,"",NA,NA,NA,NA,"F"
"379","PIAX3-1","PIAX",18.3,9.15,2.47,0.27,1.66,"YES","YES","PIAX3-1",14.2,5.19,4.08,0.31,"YES",0.817,1461368,104.7573532,128.2219746,"",NA,NA,NA,NA,"F"
"380","PIAX3-2","PIAX",17.1,7.66,2.63,0.35,1.93,"YES","YES","PIAX3-2",13.31,5.12,3.38,0.25,"YES",0.599,1157569,82.97969067,138.5303684,"",NA,NA,NA,NA,"F"
"381","PIRO3-1","PIRO",14.15,7.09,2.95,0.48,1.92,"YES","YES","PIRO 3-1",14.08,6.75,2.87,0.5,"YES",0.951,540680,38.75834542,40.75535796,"",NA,NA,NA,NA,"S"
"382","PIRO1-1","PIRO",15.6,9,5.84,0.45,1.9,"YES","YES","PIRO1-1",15.16,8.41,5,0.39,"YES",1.918,653819,46.86865178,24.43621052,"",NA,NA,NA,NA,"S"
"383","PIRO1-2","PIRO",16.3,8.5,3.5,0.48,1.74,"YES","YES","PIRO1-2",15.45,8.4,3.09,0.46,"YES",1.449,802061,57.4952972,39.67929413,"",NA,NA,NA,NA,"S"
"384","PIRO2-1","PIRO",12.67,8.72,2.43,0.53,1.3,"YES","YES","PIRO2-1",12.7,8.64,2.02,0.48,"YES",1.175,1350105,96.78152687,82.36725691,"",NA,NA,NA,NA,"S"
"385","PIRO2-2","PIRO",21.1,10.14,4.08,0.49,3.06,"YES","YES","PIRO2-2",22.7,9,3.07,0.41,"YES",1.846,1301466,93.29486717,50.5389313,"",NA,NA,NA,NA,"S"
"386","PIRO3-2","PIRO",13.98,8.99,3.53,0.54,1.7,"YES","YES","PIRO3-2",13.65,6.79,2.8,0.53,"YES",1.162,806147,57.78819984,49.73166939,"",NA,NA,NA,NA,"S"
"387","PLEL1-1","PLEL",NA,NA,NA,NA,NA,"YES","YES","PLEL1-1",5.27,1.81,1.31,0.2,"YES",0.078,120357,8.62772468,110.6118549,"",NA,NA,NA,NA,"G"
"388","PLEL1-2","PLEL",NA,NA,NA,NA,NA,"YES","YES","PLEL1-2",5.24,1.88,0.365,0.18,"YES",0.07,117664,8.434678471,120.4954067,"",NA,NA,NA,NA,"G"
"389","PLEL1-3","PLEL",5.07,1.78,0.32,0.25,0.12,"","YES","PLEL1-3",4.38,1.36,0.62,0.16,"YES",0.067,NA,NA,NA,"",NA,NA,NA,NA,"G"
"390","PLEL2-1","PLEL",4.26,2.5,0.26,0.26,0.13,"YES","YES","PLEL2-1",4.14,2.43,0.76,0.2,"YES",0.104,122894,8.809588116,84.70757803,"",NA,NA,NA,NA,"G"
"391","PLEL2-2","PLEL",3.39,2.04,0.27,0.22,0.08,"YES","YES","PLEL2-2",3.41,1.94,0.43,0.15,"YES",0.057,85101,6.100417907,107.0248756,"",NA,NA,NA,NA,"G"
"392","PLEL3-1","PLEL",6.19,1.97,0.84,0.28,0.22,"YES","YES","PLEL3-1",3.579,1.96,1.2,0.2,"YES",0.176,151926,10.89073091,61.87915288,"",NA,NA,NA,NA,"G"
"393","PLEL3-2","PLEL",3.96,1.58,0.23,0.2,0.2,"YES","YES","PLEL3-2",3.56,1.46,0.68,0.22,"YES",0.09,69688,4.995545564,55.50606183,"",NA,NA,NA,NA,"G"
"394","PLPO1-1","PLPO",10.39,5.64,2.54,0.21,1.93,"YES","YES","PLPO1-1",9.93,5.45,1.19,0.19,"YES",0.378,495550,35.52322644,93.97678954,"",NA,NA,NA,NA,"S"
"395","PLPO1-2","PLPO",8.72,6.08,3.25,0.22,1.94,"YES","YES","PLPO1-2",7.53,6.1,1.55,0.19,"YES",0.342,421648,30.22560263,88.37895506,"dryL replaced with 3d measure. Sf 090619",NA,NA,NA,NA,"S"
"396","PLPO2-1","PLPO",8.82,5.4,1.36,0.15,1.92,"YES","YES","PLPO2-1",8.19,5.12,1.6,0.18,"YES",0.298,405722,29.08395617,97.59716835,"",NA,NA,NA,NA,"S"
"397","PLPO2-2","PLPO",7.69,4.25,0.89,0.13,2.34,"YES","YES","PLPO2-2",7.39,4.16,1.1,0.11,"YES",0.239,262909,18.8464856,78.8555883,"",NA,NA,NA,NA,"S"
"398","PLPO3-1","PLPO",8.25,4.52,1.32,0.22,2.1,"YES","YES","PLPO3-1",8.08,4.27,1.08,0.12,"YES",0.261,305971,21.93336115,84.03586648,"",NA,NA,NA,NA,"S"
"399","PLPO3-2","PLPO",8.88,4.37,2.43,0.23,2.77,"YES","YES","PLPO3-2",8.01,4.21,1.65,0.11,"YES",0.29,284881,20.42153622,70.41909041,"",NA,NA,NA,NA,"S"
"400","PORA1-1","PORA",17.7,6.1,1.78,0.16,2.79,"YES","YES","PORA1-1",15.11,5.11,2.24,0.13,"YES",0.627,918691,65.85585395,105.0332599,"",NA,NA,NA,NA,"S"
"401","PORA1-2","PORA",13.46,3.91,1.1,0.19,1.26,"YES","YES","PORA1-2",12.28,1.8,1.87,0.15,"YES",0.373,473487,33.94165255,90.99638752,"",NA,NA,NA,NA,"S"
"402","PORA2-1","PORA",12.95,4.04,2.18,0.21,1.06,"YES","YES","PORA2-1",12.19,3.07,1.79,0.15,"YES",0.455,565008,40.50228459,89.01601008,"",NA,NA,NA,NA,"S"
"403","PORA2-2","PORA",12.02,6.01,1.57,0.19,1.07,"YES","YES","PORA2-2",11.5,5.3,1.47,0.14,"YES",0.5,700292,50.20004297,100.4000859,"",NA,NA,NA,NA,"S"
"404","PORA3-1","PORA",14.6,6.79,2.26,0.16,1.31,"YES","YES","PORA3-1",17.3,5.27,2.44,0.13,"YES",0.822,1228833,88.08821092,107.1632736,"",NA,NA,NA,NA,"S"
"405","PORA3-2","PORA",14.47,5.61,3.36,0.21,1.17,"YES","YES","PORA3-2",14.19,5.07,1.72,0.16,"YES",0.758,806171,57.78992026,76.24000035,"",NA,NA,NA,NA,"S"
"406","POTO1-1","POTO",20.2,9.8,3.03,0.35,2.31,"YES","YES","POTO1-1",17.5,6.89,3.58,0.14,"YES",1.66,1838139,131.765973,79.37709218,"",NA,NA,NA,NA,"S"
"407","POTO1-2","POTO",19.5,9.7,2.49,0.34,2.33,"YES","YES","POTO1-2",17.5,7.9,2.8,0.25,"YES",1.427,1722034,123.4430506,86.50529124,"",NA,NA,NA,NA,"S"
"408","POTO2-1","POTO",18.4,7.73,2.1,0.23,1.27,"YES","YES","POTO2-1",16.7,5.43,3.48,0.2,"YES",1.344,1331009,95.41264072,70.99154815,"",NA,NA,NA,NA,"S"
"409","POTO2-2","POTO",17.6,5.93,2.9,0.24,1.09,"YES","YES","POTO2-2",16.7,4.7,3.21,0.21,"YES",0.855,1190451,85.33681857,99.80914453,"",NA,NA,NA,NA,"S"
"410","POTO3-1","POTO",18.7,7.9,4.89,0.25,1.12,"YES","YES","POTO3-1",14.6,7.12,5.01,0.23,"YES",1.546,1603682,114.9590532,74.35902538,"",NA,NA,NA,NA,"S"
"411","POTO3-2","POTO",14.29,6.68,1.17,0.26,1.02,"YES","YES","POTO3-2",13.57,5.1,2.29,0.21,"YES",0.788,923061,66.16911497,83.97095809,"",NA,NA,NA,NA,"S"
"412","PRHE1-1","PRHE",16.7,5.05,2.93,0.21,1.09,"YES","YES","PRHE1-1",13.19,2.17,1.85,0.13,"YES",0.479,863509,61.90016294,129.2278976,"",NA,NA,NA,NA,"F"
"413","PRHE1-2","PRHE",16.6,3.68,1.95,0.31,0.99,"YES","YES","PRHE1-2",12.56,2.04,2.56,0.12,"YES",0.513,753974,54.04820732,105.3571293,"",NA,NA,NA,NA,"F"
"414","PRHE2-1","PRHE",12.7,4.97,3.08,0.13,2.1,"YES","YES","PRHE2-1",10.91,3.62,3.01,0.16,"YES",0.412,589098,42.22916285,102.4979681,"",NA,NA,NA,NA,"F"
"415","PRHE2-2","PRHE",11.78,3.27,1.73,0.16,0.72,"YES","YES","PRHE2-2",11.45,3.4,1.35,0.1,"YES",0.313,424798,30.45140863,97.28884547,"",NA,NA,NA,NA,"F"
"416","PRHE3-1","PRHE",14.59,5.1,1.7,0.21,0.69,"YES","YES","PRHE3-1",13.1,4.03,2.4,0.21,"YES",0.561,768326,55.07702246,98.17651063,"",NA,NA,NA,NA,"F"
"417","PRHE3-2","PRHE",12.43,4.61,2.13,0.23,0.61,"YES","YES","PRHE3-2",11.65,2.31,1.84,0.21,"YES",0.407,614392,44.04234919,108.2121602,"",NA,NA,NA,NA,"F"
"418","QUGR1-1","QUGR",14.09,6.66,1.83,0.35,0.91,"YES","YES","QUGR1-1",12.27,3.83,3.18,0.28,"YES",1.025,705718,50.58900276,49.35512465,"",NA,NA,NA,NA,"S"
"419","QUGR1-2","QUGR",13.62,4.77,2.17,0.34,0.34,"YES","YES","QUGR1-2",11.61,3.24,2.22,0.24,"YES",0.635,637480,45.69739964,71.96440889,"",NA,NA,NA,NA,"S"
"420","QUGR2-1","QUGR",17.4,8.13,2.16,0.33,0.6,"YES","YES","QUGR2-1",16.3,7.4,2.22,0.24,"YES",1.483,1268663,90.94340234,61.32393954,"",NA,NA,NA,NA,"S"
"421","QUGR2-2","QUGR",13.47,6.71,0.72,0.32,0.38,"YES","YES","QUGR2-2",10.6,6.01,3.6,0.26,"YES",0.89,900178,64.52875983,72.50422453,"",NA,NA,NA,NA,"S"
"422","QUGR3-1","QUGR",16.4,9.11,2.83,0.42,1.03,"YES","YES","QUGR3-1",14.55,8.36,3,0.29,"YES",1.876,1275430,91.42849098,48.73586939,"",NA,NA,NA,NA,"S"
"423","QUGR3-2","QUGR",11.23,5.56,2.5,0.34,0.63,"YES","YES","QUGR3-2",10.59,4.09,1.65,0.15,"YES",0.635,717610,51.44147418,81.01019556,"",NA,NA,NA,NA,"S"
"424","QUMU1-1","QUMU",8.76,3.44,0.88,0.32,0.23,"YES","YES","QUMU1-1",7.13,0.82,1.31,0.31,"YES",0.334,280768,20.1266981,60.25957514,"",NA,NA,NA,NA,"S"
"425","QUMU1-2","QUMU",9.85,4.24,1.62,0.34,0.26,"YES","YES","QUMU1-2",8.77,1.87,2.2,0.25,"YES",0.479,271988,19.49730868,40.70419348,"",NA,NA,NA,NA,"S"
"426","QUMU2-1","QUMU",9.06,3.53,0.7,0.22,0.29,"YES","YES","QUMU2-1",7.68,2.43,1.09,0.23,"YES",0.302,290628,20.83350672,68.98512159,"",NA,NA,NA,NA,"S"
"427","QUMU2-2","QUMU",9,3.48,0.67,0.24,0.25,"YES","YES","QUMU2-2",5.55,3.06,3.18,0.25,"YES",0.287,314716,22.56024162,78.60711365,"",NA,NA,NA,NA,"S"
"428","QUMU3-1","QUMU",10.06,3.57,0.87,0.2,0.2,"YES","YES","QUMU3-1",8.39,2.89,2.07,0.17,"YES",0.189,352414,25.2626018,133.6645598,"",NA,NA,NA,NA,"S"
"429","QUMU3-2","QUMU",9.61,3.72,0.88,0.25,0.22,"YES","YES","QUMU3-2",7.09,2.29,1.84,0.34,"YES",0.236,353302,25.32625759,107.3146508,"",NA,NA,NA,NA,"S"
"430","RALA1-1","RALA",7.72,1.85,1.06,0.18,0.42,"YES","YES","RALA1-1",7.52,1.37,0.8,0.11,"YES",0.089,121542,8.712670747,97.89517693,"",NA,NA,NA,NA,"F"
"431","RALA1-2","RALA",6.67,1.46,0.5,0.21,0.23,"YES","YES","RALA1-2",6.4,1.27,0.59,0.16,"YES",0.081,94519,6.775542004,83.64866672,"",NA,NA,NA,NA,"F"
"432","RALA2-1","RALA",9.24,1.98,0.72,0.28,0.66,"YES","YES","RALA2-1",9.12,1.41,0.99,0.19,"YES",0.185,185560,13.30176551,71.9014352,"",NA,NA,NA,NA,"F"
"433","RALA2-2","RALA",8.07,1.58,0.54,0.27,0.39,"YES","YES","RALA2-2",7.8,1.38,0.73,0.24,"YES",0.121,122523,8.782993187,72.58672055,"",NA,NA,NA,NA,"F"
"434","RALA3-1","RALA",9.64,1.78,0.37,0.18,0.62,"YES","YES","RALA3-1",8.44,1.61,1.59,0.11,"YES",0.119,164920,11.82219858,99.34620654,"",NA,NA,NA,NA,"F"
"435","RALA3-2","RALA",7.61,1.67,0.34,0.17,0.44,"YES","YES","RALA3-2",7.04,1.57,1.42,0.12,"YES",0.098,126750,9.086003333,92.71431973,"",NA,NA,NA,NA,"F"
"436","ROMO1-1","ROMO",19.4,9.4,6.57,0.41,4.72,"YES","YES","ROMO1-1",14.44,5.83,7.19,0.34,"YES",2.061,1268446,90.92784682,44.11831481,"",NA,NA,NA,NA,"S"
"437","ROMO1-2","ROMO",16.6,7.1,8.45,0.32,3.39,"YES","YES","ROMO1-2",12.47,6.82,5.29,0.33,"YES",0.999,800457,57.38031535,57.4377531,"",NA,NA,NA,NA,"S"
"438","ROMO2-1","ROMO",17.5,7.99,8.01,0.41,5.52,"NO","YES","ROMO2-1",14.96,5.7,8.85,0.28,"YES",2.583,NA,NA,NA,"",NA,NA,NA,NA,"S"
"439","ROMO2-2","ROMO",15.32,7.22,2.95,0.36,2.95,"YES","YES","ROMO2-2",15.17,7.15,2.53,0.2,"YES",1.565,947122,67.89391439,43.3826929,"",NA,NA,NA,NA,"S"
"440","ROMO3-1","ROMO",11.48,3.06,2.75,0.41,2.83,"YES","YES","ROMO3-1",11.16,3.38,3.39,0.31,"YES",1.382,481252,34.49828226,24.96257761,"",NA,NA,NA,NA,"S"
"441","ROMO3-2","ROMO",10.7,3.1,3.46,0.41,2.07,"YES","YES","ROMO3-2",9.96,3.11,4.34,0.27,"YES",1.218,425048,30.46932974,25.01587007,"",NA,NA,NA,NA,"S"
"442","SCUI1-1","SCUI",10.9,2.57,0.95,0.24,0,"YES","YES","SCUI1-1",10.44,1.97,0.78,0.34,"YES",0.219,276797,19.84203917,90.60291858,"",NA,NA,NA,NA,NA
"443","SCUI1-2","SCUI",11.9,3.07,1.17,0.31,0,"YES","YES","SCUI1-2",11.3,2.86,1.98,0.17,"YES",0.33,352985,25.30353362,76.67737461,"",NA,NA,NA,NA,NA
"444","SCVI2-1","SCVI",12.83,2.29,1.08,0.27,0.21,"YES","YES","SCVI2-1",12.62,1.02,0.9,0.21,"YES",0.224,318975,22.86554567,102.0783289,"",NA,NA,NA,NA,"S"
"445","SCVI2-2","SCVI",11.07,3.09,1.06,0.25,0.63,"YES","YES","SCVI2-2",11.01,2.66,0.72,0.23,"YES",0.285,313734,22.48984749,78.91174559,"replaced dryL, previously 4.01. Transcription error. Sf 090619",NA,NA,NA,NA,"S"
"446","SCVI3-1","SCVI",13.66,2.93,2.26,0.33,0.97,"YES","YES","SCVI3-1",13.39,1.39,0.67,0.34,"YES",0.399,380195,27.25406736,68.30593322,"",NA,NA,NA,NA,"S"
"447","SCVI3-2","SCVI",10.37,2.44,1.51,0.28,0.35,"YES","YES","SCVI3-2",10.09,0.74,1.06,0.2,"YES",0.29,273561,19.61006831,67.6209252,"",NA,NA,NA,NA,"S"
"448","SIGU1-1","SIGU",18,6.5,2.17,0.2,0.69,"YES","YES","SIGU1-1",15.08,4.92,2.83,0.15,"YES",NA,1102197,79.01037961,NA,"",NA,NA,NA,NA,"G"
"449","SIGU1-2","SIGU",15.2,6.6,1.84,0.22,0.86,"YES","YES","SIGU1-2",13,4.43,3.15,0.12,"YES",0.544,875774,62.77937265,115.4032585,"",NA,NA,NA,NA,"G"
"450","SIGU2-1","SIGU",13.39,5.63,1.77,0.29,0.63,"YES","YES","SIGU2-1",12.2,4.46,2.71,0.17,"YES",0.563,575100,41.225724,73.22508703,"",NA,NA,NA,NA,"G"
"451","SIGU2-2","SIGU",14.3,4.91,1.65,0.24,0.64,"YES","YES","SIGU2-2",12.64,2.37,1.59,0.22,"YES",0.364,680942,48.81294897,134.1015082,"",NA,NA,NA,NA,"G"
"452","SIGU3-1","SIGU",14,6.24,0.9,0.23,0.47,"YES","YES","SIGU3-1",12.31,3.64,2.03,0.21,"YES",0.331,644539,46.20342014,139.587372,"",NA,NA,NA,NA,"G"
"453","SIGU3-2","SIGU",16.2,6.06,1.52,0.27,0.64,"YES","YES","SIGU3-2",13.01,2.91,2.72,0.17,"YES",0.455,911807,65.36237824,143.6535785,"",NA,NA,NA,NA,"G"
"454","STCA1-1","STCA",9.23,3.82,1.92,0.22,0.99,"YES","YES","STCA1-1",9.03,1.44,1.14,0.18,"YES",0.313,387510,27.77843907,88.7490066,"",NA,NA,NA,NA,"S"
"455","STCA1-2","STCA",10.01,3.02,2.26,0.31,1.3,"YES","YES","STCA1-2",9.27,0.89,1.03,0.28,"YES",0.359,392140,28.11033804,78.30177728,"",NA,NA,NA,NA,"S"
"456","STCA2-1","STCA",7.95,2.98,2.96,0.34,0.72,"YES","YES","STCA2-1",7.8,1.19,1.28,0.15,"YES",0.357,410874,29.45327443,82.50216926,"",NA,NA,NA,NA,"S"
"457","STCA2-2","STCA",8.92,4.23,1.8,0.28,0.72,"YES","YES","STCA2-2",8.51,1.19,1.59,0.17,"YES",0.329,411257,29.48072957,89.60708076,"",NA,NA,NA,NA,"S"
"458","STCA3-1","STCA",9.88,3.8,1.35,0.38,0.72,"YES","YES","STCA3-1",9.3,1.52,1.3,0.21,"YES",0.356,382501,27.41937168,77.02070698,"",NA,NA,NA,NA,"S"
"459","STCA3-2","STCA",10.22,3.48,1.71,0.28,1.32,"YES","YES","STCA3-2",9.4,2.16,1.63,0.23,"YES",0.447,451380,32.35692453,72.38685578,"",NA,NA,NA,NA,"S"
"460","STFE1-1","STFE",8.27,3.22,0.54,0.4,0.55,"YES","YES","STFE1-1",7.45,1.85,1.22,0.24,"YES",0.282,274145,19.65193202,69.68770221,"",NA,NA,NA,NA,"S"
"461","STFE1-2","STFE",10.53,3.48,0.62,0.37,0.81,"YES","YES","STFE1-2",8.66,3.37,2.64,0.27,"YES",0.473,364758,26.14747459,55.28007312,"",NA,NA,NA,NA,"S"
"462","STFE2-1","STFE",6.55,3.44,1.15,0.39,0.85,"YES","YES","STFE2-1",6.35,2.64,0.95,0.26,"YES",0.266,189200,13.56269689,50.98758229,"",NA,NA,NA,NA,"S"
"463","STFE2-2","STFE",6.51,3.49,1.17,0.34,0.82,"YES","YES","STFE2-2",6.29,2.26,1.43,0.27,"YES",0.267,230274,16.50706376,61.82420884,"",NA,NA,NA,NA,"S"
"464","STFE3-1","STFE",7.89,3.58,0.59,0.37,0.82,"YES","YES","STFE3-1",7.32,3.26,1.46,0.18,"YES",0.318,367275,26.32790433,82.79215199,"",NA,NA,NA,NA,"S"
"465","STFE3-2","STFE",8.09,3.8,0.47,0.36,0.94,"YES","YES","STFE3-2",7.53,3.75,1.2,0.29,"YES",0.331,261286,18.73014175,56.58653097,"freshL changed from 6.09; transcription error. Sf 090619",NA,NA,NA,NA,"S"
"466","STPO1-1","STPO",8.4,2.79,1.28,0.23,0.95,"YES","YES","STPO1-1",8.37,1.89,1.03,0.26,"YES",0.173,228466,16.37745828,94.66738893,"",NA,NA,NA,NA,"F"
"467","STPO1-2","STPO",7.57,2.52,1.11,0.3,1.18,"YES","YES","STPO1-2",5.56,1.96,1.81,0.25,"YES",0.164,180922,12.96929306,79.08105523,"",NA,NA,NA,NA,"F"
"468","STPO2-1","STPO",11.08,4.32,1.82,0.33,1.34,"YES","YES","STPO2-1",10.52,4.16,2.35,0.29,"YES",0.546,NA,NA,NA,"",NA,NA,NA,NA,"F"
"469","STPO2-2","STPO",11.63,4.44,1.42,0.28,1.77,"YES","YES","STPO2-2",10.88,4.17,1.73,0.26,"YES",0.565,NA,NA,NA,"",NA,NA,NA,NA,"F"
"470","STPO3-1","STPO",10.34,4.55,1.02,0.29,0.87,"YES","YES","STPO3-1",9.76,3.08,1.65,0.26,"YES",0.382,466339,33.42925214,87.51113125,"",NA,NA,NA,NA,"F"
"471","STPO3-2","STPO",10.07,4.26,0.97,0.28,1.98,"YES","YES","STPO3-2",9.61,2.96,1.34,0.18,"YES",0.352,414948,29.74531685,84.50374106,"",NA,NA,NA,NA,"F"
"472","STRO1-1","STRO",1.79,1.03,0.18,0.2,0.045,"YES","YES","STRO1-1",NA,NA,NA,NA,NA,NA,NA,NA,NA,"",NA,NA,NA,NA,"S"
"473","STRO1-2","STRO",1.7,1.03,0.19,0.16,0.095,"YES","YES","STRO1-2",NA,NA,NA,NA,NA,NA,NA,NA,NA,"",NA,NA,NA,NA,"S"
"474","STRO3-1","STRO",1.61,0.78,0.09,0.16,0.11,"YES","YES","STRO3-1",1.52,0.68,0.24,0.12,"YES",0.011,14794,1.060499671,96.40906101,"",NA,NA,NA,NA,"S"
"475","STRO3-2","STRO",1.5,0.88,0.07,0.14,0.1,"YES","YES","STRO3-2",1.43,0.83,0.13,0.12,"YES",0.009,15284,1.095625049,121.7361165,"",NA,NA,NA,NA,"S"
"476","SYPU1-1","SYPU",11.96,3.51,0.67,0.28,1.14,"YES","YES","SYPU1-1",10.6,3.23,1.8,0.22,"YES",0.369,387203,27.75643194,75.22068277,"",NA,NA,NA,NA,"S"
"477","SYPU1-2","SYPU",9.4,3.13,1.16,0.25,0.99,"YES","YES","SYPU1-2",3.95,2.74,2.97,0.29,"YES",0.215,279315,20.0225406,93.12809581,"",NA,NA,NA,NA,"S"
"478","SYPU2-1","SYPU",12.73,4.17,1.67,0.22,0.88,"YES","YES","SYPU2-1",11.09,3.54,1.43,0.145,"YES",0.293,499337,35.79469544,122.166196,"",NA,NA,NA,NA,"S"
"479","SYPU2-2","SYPU",10.99,4.03,2.56,0.24,0.89,"YES","YES","SYPU2-2",11.14,3.63,1.03,0.13,"YES",0.316,443088,31.76251712,100.5142947,"",NA,NA,NA,NA,"S"
"480","SYPU3-1","SYPU",9.84,3.76,1.53,0.17,1.18,"YES","YES","SYPU3-1",7.22,2.57,2.95,0.15,"YES",0.196,341009,24.44504072,124.7195955,"",NA,NA,NA,NA,"S"
"481","SYPU3-2","SYPU",9.45,4.02,0.92,0.18,0.98,"YES","YES","SYPU3-2",8.47,7.59,0.98,0.15,"YES",0.246,352344,25.25758389,102.6731053,"",NA,NA,NA,NA,"S"
"482","SYRE1-1","SYRE",11.43,3.14,2.13,0.24,1.3,"YES","YES","SYRE1-1",9.75,1.93,0.97,0.23,"YES",0.23,315012,22.58146021,98.1802618,"",NA,NA,NA,NA,"F"
"483","SYRE1-2","SYRE",11.42,3.06,1.89,0.3,1.41,"YES","YES","SYRE1-2",10.78,1.36,1.18,0.2,"YES",0.232,307089,22.01350436,94.88579466,"",NA,NA,NA,NA,"F"
"484","SYRE2-1","SYRE",9.85,3.25,0.78,0.18,0.93,"YES","YES","SYRE2-1",7.56,2.69,1.06,0.13,"YES",0.13,1004164,71.98293847,553.7149113,"",NA,NA,NA,NA,"F"
"485","SYRE2-2","SYRE",7.52,2.89,1.05,0.19,0.81,"YES","YES","SYRE2-2",6.9,2.14,1.1,0.19,"YES",0.1,201633,14.45394959,144.5394959,"",NA,NA,NA,NA,"F"
"486","SYRE3-1","SYRE",10.46,3.68,0.88,0.21,0.47,"YES","YES","SYRE3-1",9.86,2.35,1.43,0.11,"YES",0.192,343009,24.5884096,128.0646334,"",NA,NA,NA,NA,"F"
"487","SYRE3-2","SYRE",7.6,2.93,0.98,0.23,0.97,"YES","YES","SYRE3-2",7.4,2.3,1.26,0.12,"YES",0.134,214495,15.37595491,114.7459322,"",NA,NA,NA,NA,"F"
"488","TAAU1-1","TAAU",20.1,7.8,1.76,0.44,4.2,"YES","YES","TAAU1-1",13.7,4.23,3.98,0.36,"YES",1.875,1595123,114.3455061,60.98426991,"",NA,NA,NA,NA,"G"
"489","TAAU1-2","TAAU",18.4,6.6,1.73,0.5,4.6,"YES","YES","TAAU1-2",12.25,2.51,4.43,0.32,"YES",1.422,1079661,77.39489897,54.42679253,"",NA,NA,NA,NA,"G"
"490","TAAU2-1","TAAU",20.6,10.47,3.02,0.56,4.69,"","YES","TAAU2-1",15,7.62,5.98,0.33,"YES",2.496,NA,NA,NA,"",NA,NA,NA,NA,"G"
"491","TAAU2-2","TAAU",25.7,9.87,3.34,0.57,6.98,"","YES","TAAU2-2",18.3,5.91,4.24,0.39,"YES",2.482,NA,NA,NA,"",NA,NA,NA,NA,"G"
"492","TAAU3-1","TAAU",18.9,7.04,1.73,0.53,6.58,"YES","YES","TAAU3-1",16.1,5.4,3.76,0.36,"YES",1.547,1059779,75.96966885,49.10773681,"",NA,NA,NA,NA,"G"
"493","TAAU3-2","TAAU",14.08,5.91,1.05,0.47,0.4,"YES","YES","TAAU3-2",9.19,4.53,4.78,0.48,"YES",1.076,847913,60.78217234,56.48900775,"freshH changed from 10.5; transcription error sf090619",NA,NA,NA,NA,"G"
"494","TACA1-1","TACA",12.4,2.5,2,0.22,0.54,"","YES","TACA1-1",11.3,2.31,1.167,0.13,"YES",0.165,NA,NA,NA,"",NA,NA,NA,NA,"F"
"495","TACA1-2","TACA",9.88,2.12,1.35,0.24,0.54,"","YES","TACA1-2",8.47,1.94,1.64,0.12,"YES",0.115,NA,NA,NA,"",NA,NA,NA,NA,"F"
"496","TACA2-1","TACA",12.9,2.6,2.31,0.19,0.32,"YES","YES","TACA2-1",11.46,2.32,2.44,0.24,"YES",0.209,338110,24.23722751,115.9675957,"",NA,NA,NA,NA,"F"
"497","TACA2-2","TACA",9.8,2.1,1.55,0.2,0.4,"YES","YES","TACA2-2",8.58,1.63,1.09,0.15,"YES",0.14,200294,14.35796412,102.5568865,"",NA,NA,NA,NA,"F"
"498","TACA3-1","TACA",11.74,1.77,3.22,0.2,0.35,"YES","YES","TACA3-1",10.5,0.74,0.63,0.11,"YES",0.13,189024,13.55008043,104.2313879,"",NA,NA,NA,NA,"F"
"499","TACA3-2","TACA",12.16,2.17,0.87,0.16,0.56,"YES","YES","TACA3-2",10.53,1.33,0.97,0.12,"YES",0.147,256629,18.39630729,125.1449476,"",NA,NA,NA,NA,"F"
"500","TAGU1-1","TAGU",13.4,4.25,1.08,0.2,0.94,"YES","YES","TAGU1-1",11.48,3.35,1.52,0.22,"YES",0.6,531810,38.1225044,63.53750733,"",NA,NA,NA,NA,"F"
"501","TAGU1-2","TAGU",12.9,4.95,2.09,0.24,0.89,"YES","YES","TAGU1-2",11.95,4.07,1.41,0.16,"YES",0.591,596673,42.77217252,72.37254234,"",NA,NA,NA,NA,"F"
"502","TAGU2-1","TAGU",13.36,4.13,2.45,0.24,0.78,"YES","YES","TAGU2-1",13.07,3.26,1.01,0.19,"YES",0.798,580639,41.62278414,52.15887737,"",NA,NA,NA,NA,"F"
"503","TAGU2-2","TAGU",12.14,2.92,2.65,0.22,1.02,"YES","YES","TAGU2-2",13.3,2.98,2.17,0.11,"YES",0.65,598759,42.92170627,66.03339426,"",NA,NA,NA,NA,"F"
"504","TAGU3-1","TAGU",10.42,3.25,0.53,0.17,0.36,"YES","YES","TAGU3-1",9.64,2.2,1.33,0.16,"YES",0.264,323409,23.18339449,87.81588823,"",NA,NA,NA,NA,"F"
"505","TAGU3-2","TAGU",10.36,2.95,0.98,0.2,0.41,"YES","YES","TAGU3-2",9.61,1.85,1.41,0.13,"YES",0.251,324556,23.26561655,92.69169941,"",NA,NA,NA,NA,"F"
"506","TAOC1-1","TAOC",15.4,8.2,2.59,0.42,0.4,"YES","YES","TAOC1-1",13.5,2.12,1.72,0.33,"YES",1.121,1160616,83.19811317,74.21776376,"",NA,NA,NA,NA,"G"
"507","TAOC1-2","TAOC",14.6,6.5,2.18,0.43,2.7,"YES","YES","TAOC1-2",13.54,3.45,3.07,0.42,"YES",0.898,847169,60.72883912,67.62676962,"",NA,NA,NA,NA,"G"
"508","TAOC2-1","TAOC",14.14,7.33,2.3,0.48,3.25,"YES","YES","TAOC2-1",13.56,2.01,1.97,0.36,"YES",0.82,864936,62.00245664,75.612752,"",NA,NA,NA,NA,"G"
"509","TAOC2-2","TAOC",10.27,4.37,2.3,0.37,2.4,"YES","YES","TAOC2-2",9.76,2.17,1.27,0.24,"YES",0.342,383937,27.52231055,80.47459224,"",NA,NA,NA,NA,"G"
"510","TAOC3-1","TAOC",13.27,4.87,2.6,0.45,3.83,"YES","YES","TAOC3-1",12.52,3.55,2.59,0.23,"YES",0.763,614627,44.05919504,57.7446855,"",NA,NA,NA,NA,"G"
"511","TAOC3-2","TAOC",16,3.77,2.92,0.54,3.41,"YES","YES","TAOC3-2",14.4,3.28,2.09,0.25,"YES",1.416,931114,66.7463898,47.13728094,"",NA,NA,NA,NA,"G"
"512","TEGL1-1","TEGL",10.68,5.29,2.74,0.28,0.61,"YES","YES","TEGL1-1",9.63,2.71,1.57,0.38,"YES",0.363,450707,32.3086809,89.00463058,"",NA,NA,NA,NA,"F"
"513","TEGL1-2","TEGL",12.6,5.5,2.2,0.25,0.76,"YES","YES","TEGL1-2",10.51,4.23,3.41,0.23,"YES",0.475,669551,47.99639146,101.0450347,"",NA,NA,NA,NA,"F"
"514","TEGL2-1","TEGL",10.6,5.1,1.57,0.25,1.03,"YES","YES","TEGL2-1",9.49,3.18,1.43,0.22,"YES",0.564,485237,34.78394477,61.67366094,"",NA,NA,NA,NA,"F"
"515","TEGL2-2","TEGL",10.8,4.5,1.66,0.27,0.92,"YES","YES","TEGL2-2",9.12,2.42,2.31,0.26,"YES",0.534,472152,33.84595381,63.38193598,"",NA,NA,NA,NA,"F"
"516","TEGL3-1","TEGL",10.91,4.43,1.2,0.22,1.24,"YES","YES","TEGL3-1",10.13,3.87,0.93,0.13,"YES",0.379,473206,33.92150922,89.50266284,"",NA,NA,NA,NA,"F"
"517","TEGL3-2","TEGL",11.58,4.7,0.56,0.25,0.72,"YES","YES","TEGL3-2",7.04,4.28,4.04,0.14,"YES",0.311,506672,36.32050084,116.7861763,"",NA,NA,NA,NA,"F"
"518","TOFO1-1","TOFO",21.2,10.8,3.5,0.55,1.96,"YES","YES","TOFO1-1",17.3,9.4,2.11,0.54,"YES",1.67,1921808,137.7637388,82.49325677,"",NA,NA,NA,NA,"S"
"519","TOFO1-2","TOFO",15.6,6.4,1.23,0.57,1.07,"YES","YES","TOFO1-2",14.6,5.12,1.61,0.52,"YES",0.878,823923,59.06246252,67.2693195,"replaced DryL, previously 4.6. Transcription error. Sf 090619",NA,NA,NA,NA,"S"
"520","TOFO2-1","TOFO",14.78,7.07,2.24,0.61,0.77,"YES","YES","TOFO2-1",11.5,4.15,3.11,0.18,"YES",0.394,1014588,72.73017712,184.5943582,"",NA,NA,NA,NA,"S"
"521","TOFO2-2","TOFO",15.29,9.49,1.37,0.68,0.65,"YES","YES","TOFO2-2",13.13,6.01,2.45,0.32,"YES",0.858,1087970,77.99052502,90.89804781,"",NA,NA,NA,NA,"S"
"522","TOFO3-1","TOFO",17.5,10.8,3.11,0.44,1.03,"YES","YES","TOFO3-1",15.6,6.18,4.1,0.44,"YES",1.678,1758855,126.0825435,75.13858375,"",NA,NA,NA,NA,"S"
"523","TOFO3-2","TOFO",12.05,7.86,2.59,0.48,0.74,"YES","YES","TOFO3-2",12.18,7,1.82,0.48,"YES",1.097,891479,63.90517685,58.2544912,"",NA,NA,NA,NA,"S"
"524","VOTU3-1","VOTU",11.97,4.28,1.16,0.3,0.69,"YES","YES","VOTO3-1",9.75,3.2,2.6,0.2,"YES",0.204,508643,36.46179088,178.734269,"",NA,NA,NA,NA,"G"
"525","VOTU3-2","VOTU",9.55,3.32,0.52,0.33,0.77,"YES","YES","VOTO3-2",8.19,2.14,1.72,0.21,"YES",0.248,319003,22.86755283,92.20787432,"",NA,NA,NA,NA,"G"
"526","VOTU1-1","VOTU",11.1,3.8,1.52,0.29,0.92,"YES","YES","VOTU1-1",7.05,2.68,1.74,0.27,"YES",0.281,389340,27.9096216,99.3224968,"",NA,NA,NA,NA,"G"
"527","VOTU1-2","VOTU",11.6,3.4,1.94,0.22,0.76,"YES","YES","VOTU1-2",8.77,2.71,2.99,0.33,"YES",0.263,360450,25.838658,98.24584791,"",NA,NA,NA,NA,"G"
"528","VOTU2-1","VOTU",12.64,4.12,1.92,0.41,1.28,"YES","YES","VOTU2-1",9.03,1.1,3.38,0.26,"YES",0.523,524264,37.58157358,71.85769327,"",NA,NA,NA,NA,"G"
"529","VOTU2-2","VOTU",11.65,3.81,0.96,0.37,1.06,"YES","YES","VOTU2-2",6.03,1.56,3.52,0.24,"YES",0.362,468281,33.56846333,92.73056168,"",NA,NA,NA,NA,"G"
"530","XYAR1-1","XYAR",9.95,2.76,1.07,0.18,0.27,"YES","YES","XYAR1-1",9.5,1.94,1.11,0.23,"YES",0.214,294326,21.0985958,98.59156914,"",NA,NA,NA,NA,"S"
"531","XYAR1-2","XYAR",10.81,3.16,1.06,0.2,0.41,"YES","YES","XYAR1-2",10.19,2.45,1.84,0.15,"YES",0.272,364001,26.09320946,95.93091714,"",NA,NA,NA,NA,"S"
"532","XYAR2-1","XYAR",13.1,3.1,1.51,0.16,0.39,"YES","YES","XYAR2-1",12.75,2.77,1.44,0.16,"YES",0.322,432256,30.98603122,96.22991061,"",NA,NA,NA,NA,"S"
"533","XYAR2-2","XYAR",11.34,3.15,1.19,0.19,0.36,"YES","YES","XYAR2-2",10.89,2.84,1.09,0.15,"YES",0.293,363493,26.05679376,88.93103674,"",NA,NA,NA,NA,"S"
"534","XYAR3-1","XYAR",13.49,3.54,0.96,0.21,0.58,"YES","YES","XYAR3-1",12.01,3.3,1.9,0.18,"YES",0.356,479536,34.37527175,96.55975211,"",NA,NA,NA,NA,"S"
"535","XYAR3-2","XYAR",13.12,1.46,1.49,0.2,0.51,"YES","YES","XYAR3-2",11.62,3.51,2.7,0.15,"YES",0.372,483204,34.63821029,93.11346853,"",NA,NA,NA,NA,"S"
"536","ZEMO1-1","ZEMO",8.15,2.82,1.86,0.51,0.5,"YES","YES","ZEMO1-1",7.22,2.71,1.67,0.53,"YES",0.323,243327,17.44276081,54.00235546,"",NA,NA,NA,NA,"S"
"537","ZEMO1-2","ZEMO",14.11,5,3.55,0.54,0.61,"YES","YES","ZEMO1-2",14.04,4.25,2.46,0.5,"YES",1.459,644640,46.21066027,31.67283089,"",NA,NA,NA,NA,"S"
"538","ZEMO1-3","ZEMO",19,6.8,4.59,0.56,2.07,"YES","YES","ZEMO1-3",18.5,6.4,3.15,0.46,"YES",1.413,1193565,85.56004393,60.55204808,"",NA,NA,NA,NA,"S"
"539","ZEMO2-1","ZEMO",14.83,5,2.36,0.36,0,"YES","YES","ZEMO2-1",15.21,4.75,3.84,0.17,"YES",0.585,836512,59.96489799,102.5040991,"",NA,NA,NA,NA,"S"
"540","ZEMO2-2","ZEMO",9.75,2.97,1.25,0.24,0,"YES","YES","ZEMO2-2",9.3,3.08,1.29,0.17,"YES",0.267,358218,25.67865832,96.17475026,"",NA,NA,NA,NA,"S"
"541","ZEMO3-1","ZEMO",12.12,3.96,3.34,0.45,1.31,"YES","YES","ZEMO3-1",12.69,2.97,2.01,0.31,"YES",0.484,452709,32.45219316,67.04998587,"",NA,NA,NA,NA,"S"
"542","ZEMO3-2","ZEMO",13.08,3.12,2.44,0.41,0.92,"YES","YES","ZEMO3-2",12.75,2.8,1.64,0.28,"YES",0.423,440991,31.61219484,74.73332113,"",NA,NA,NA,NA,"S"
"543","ZETU1-1","ZETU",18.8,8.8,1.02,0.35,0.8,"YES","YES","ZETU1-1",15.8,7.6,1.834,0.25,"YES",0.538,1607809,115.2548949,214.2284293,"",NA,NA,NA,NA,"F"
"544","ZETU1-2","ZETU",12.87,5.44,0.67,0.3,0.8,"YES","YES","ZETU1-2",10.06,4.79,2.94,0.21,"YES",0.22,655643,46.99940421,213.6336555,"",NA,NA,NA,NA,"F"
"545","ZETU2-1","ZETU",13.1,8.66,1.09,0.19,0.3,"YES","YES","ZETU2-1",11.76,7.33,3.02,0.14,"YES",0.33,933182,66.89463324,202.7110098,"",NA,NA,NA,NA,"F"
"546","ZETU2-2","ZETU",17,9.83,0.81,0.13,0.33,"YES","YES","ZETU2-2",15.47,8.22,2.16,0.15,"YES",0.419,1518624,108.8617178,259.8131689,"",NA,NA,NA,NA,"F"
"547","ZETU3-1","ZETU",14.37,10.04,1.3,0.17,1.21,"YES","YES","ZETU3-1",13.16,8.22,2.33,0.15,"YES",0.408,1393225,99.87256011,244.7856865,"",NA,NA,NA,NA,"F"
"548","ZETU3-2","ZETU",17.5,10.07,0.82,0.21,0.78,"YES","YES","ZETU3-2",16.4,8.73,2.02,0.16,"YES",0.55,1607517,115.2339631,209.5162965,"",NA,NA,NA,NA,"F"
